ref_consultation,org_acronyme,lot_numero,lot_intitule,categorie,description,estimation_ttc,caution_provisoire,qualifications,agrements,variante,reserve_pme
887183,g3h,1,,Fournitures,,1107960.0,20000.0,,,False,False
891872,g3h,1,,Fournitures,,355896.0,7000.0,,,False,False
893314,o8p,1,,Fournitures,,4819044.0,95000.0,,,False,False
899290,d4q,1,,Services,,1195200.0,20000.0,,,False,True
900870,o8p,1,,Fournitures,,3616080.0,65000.0,,,False,False
905109,o8p,1,,Fournitures,,5449368.0,100000.0,,,False,False
917442,g8e,1,,Fournitures,,1153680.0,18000.0,,,False,False
917962,g7n,1,,Fournitures,,5061456.0,80000.0,,,False,False
918488,g8e,1,,Services,,297600.0,5000.0,,,False,False
919545,d4q,1,,Fournitures,,11944000.0,200000.0,,,False,False
922267,g8e,1,,Travaux,,3382215.6,60000.0,Equipement / A- Construction / A.2- Travaux courants en béton armé-maçonnerie pour bâtiment / Classe 5,,False,False
923858,d4q,1,Fourniture des Disjoncteurs 420 kV,Fournitures,,8640000.0,100000.0,,,False,False
923858,d4q,2,Fourniture des Disjoncteurs 245 kV,Fournitures,,5058000.0,100000.0,,,False,False
923858,d4q,3,"Fourniture des Disjoncteurs 72,5 Kv et 24 kV",Fournitures,,9199000.0,100000.0,,,False,False
923858,d4q,4,Fourniture des sectionneurs 420 kV,Fournitures,,768000.0,0.0,,,False,False
923858,d4q,5,Fourniture des sectionneurs 245 KV,Fournitures,,2218000.0,50000.0,,,False,False
923858,d4q,6,"Fourniture des sectionneurs 72,5 et 36 kV",Fournitures,,2839000.0,50000.0,,,False,False
926321,o8p,1,,Fournitures,,43076400.0,646200.0,,,True,False
927817,q9t,1,,Services,,10714680.0,200000.0,,,False,False
930977,d4q,1,,Fournitures,,1227400.0,20000.0,,,False,False
932588,o8p,1,,Services,,396000.0,7000.0,,,False,False
932655,q3m,1,,Services,,537600.0,10000.0,,,False,False
934917,q3m,1,,Services,,201600.0,4000.0,,,False,False
937227,j0w,1,,Services,,18000000.0,0.0,,,False,False
939952,g8e,1,,Services,,7198800.0,120000.0,,,False,False
941231,g8e,1,,Services,,638400.0,10000.0,,,False,False
943305,o8p,1,,Travaux,,17095291.0,300000.0,,,False,False
943385,o8p,1,,Fournitures,,1141080.0,20000.0,,,False,False
943391,o8p,1,,Fournitures,,2312520.0,45000.0,,,False,False
943573,q0x,1,,Services,,60000.0,1000.0,,,False,False
944207,g8e,1,"LOT1 : L’acquisition, l’installation, la mise en œuvre de matériels informatiques (serveurs et switchs) et logiciels pour refonte de la plate-forme du site de production du système BADR et la migration de l’environnement du site de backup pour le compte de l’Administration des Douanes et Impôts Indirects.",Fournitures,,8335200.0,150000.0,,,False,False
944207,g8e,2,la maintenance (pièces et main d’œuvre) de matériels informatiques (serveurs et switchs) et logiciels pour refonte de la plate-forme du site de production du système BADR au profit de l’Administration des Douanes et Impôts Indirects.,Services,,1158000.0,0.0,,,False,False
945462,w9x,1,,Fournitures,,15000000.0,300000.0,,,False,False
945825,g8e,1,,Fournitures,,900000.0,9000.0,,,False,True
945889,u9g,1,,Services,,160000000.0,0.0,,,False,False
946426,q9t,1,,Services,,168000.0,3300.0,,,False,False
947329,m1w,1,Couches pour bébé,Services,,359100.0,0.0,,,False,False
947329,m1w,2,"Articles culinaires, en contact alimentaire et à gaz",Services,,3619368.0,0.0,,,False,False
947329,m1w,3,Articles scolaires,Services,,600000.0,0.0,,,False,False
948075,o8p,1,,Travaux,,3927862.43,40000.0,Equipement / J- Electricite / J.5- Réalisation de réseaux de branchement électrique basse tension / Classe 3 Equipement / J- Electricite / J.6- Réalisation de réseau électrique MT et transformation MT-BT et réseaux basse tension / Classe 3,,False,False
948779,w9x,1,Unités de potabilisation de 3600 L/H,Fournitures,,11520000.0,200000.0,,,False,False
948779,w9x,2,Unités de potabilisation de 3600 L/H,Fournitures,,11520000.0,200000.0,,,False,False
949084,g7n,1,Acquisition et installation de matériel informatique.,Fournitures,,3159480.0,60000.0,,,False,False
949084,g7n,2,Acquisition et installation de serveurs et postes téléphoniques au niveau des locaux abritant la direction de la statistique.,Fournitures,,1644013.94,30000.0,,,False,False
949147,d4q,1,,Travaux,,4999200.0,50000.0,,,False,False
949561,j0w,1,,Travaux,,649995.6,12000.0,,,False,False
950198,o8p,1,,Fournitures,,11617440.0,174300.0,,,True,False
950210,o8p,1,,Fournitures,,21852345.6,327800.0,,,True,False
950382,a1z,1,,Services,,1361128.8,24000.0,,,False,False
950503,g8e,1,Lot n°1 : l’assistance technique concernant les services métier du domaine fonctionnel « Gestion des crédits » du système de gestion intégrée de la dépense (GID).,Services,,1356600.0,25000.0,,,False,False
950503,g8e,2,Lot n°2 : l’assistance technique concernant les services métier du domaine fonctionnel « Gestion des recettes » du système de gestion intégrée de la dépense (GID).,Services,,1356600.0,24000.0,,,False,False
950503,g8e,3,Lot n°3 : l’assistance technique concernant les services métier du domaine fonctionnel « Gestion de la dépense » du système de gestion intégrée de la dépense (GID).,Services,,1356600.0,23000.0,,,False,False
950503,g8e,4,Lot n°4 : l’assistance technique concernant les services d’interfaçage du système de gestion intégrée de la dépense (GID).,Services,,422400.0,8000.0,,,False,False
950898,o4d,1,,Services,,797880.0,6000.0,,,False,False
951875,d4q,1,,Services,,2943439.29,50000.0,,,False,False
952052,a2a,1,,Services,,3000000.0,0.0,,,False,False
952250,d4q,1,,Travaux,,129230640.0,1500000.0,,,False,False
952375,d4q,1,,Travaux,,17500000.0,175000.0,,,False,False
953111,d4q,1,,Fournitures,,1800000.0,20000.0,,,False,False
953428,k2q,1,,Services,,438000.0,8000.0,,"D5. Ouvrages d'art D7. Travaux maritimes et fluviaux D20- Géologie, géophysique, hydrologie, hydrogéologie",False,False
953909,k2q,1,,Services,,900000.0,17000.0,Laboratoires / CONTROLE DE QUALITE / CONTROLE DES TRAVAUX DES PETITS BARRAGES / Classe 2,,False,False
953936,k2q,1,,Services,,480000.0,9000.0,Laboratoires / CONTROLE DE QUALITE / CONTROLE DES TRAVAUX DES PETITS BARRAGES / Classe 2,,False,False
953959,k2q,1,,Services,,400200.0,7000.0,,,False,True
953993,k2q,1,,Services,,528000.0,10000.0,Laboratoires / CONTROLE DE QUALITE / CONTROLE DES TRAVAUX DES OUVRAGES D'ART COURANTS / Classe 2,,False,False
953999,k2q,1,,Services,,780000.0,10000.0,Laboratoires / CONTROLE DE QUALITE / CONTROLE DES TRAVAUX DES OUVRAGES D'ART COURANTS / Classe 2,,False,False
954319,q9t,1,Générateurs d’oxygène. Comporte des dispositions envrionnementales,Services,,192000.0,3840.0,,,False,False
954319,q9t,2,fluides médicaux,Services,,220800.0,4416.0,,,False,False
954977,g8e,1,,Travaux,,7095792.0,140000.0,Equipement / B- Travaux routiers et voirie urbaine / B.5- Assises non traitées et enduits superficiels / Classe 3,,False,False
954993,g8e,1,,Travaux,,19586160.0,300000.0,Equipement / B- Travaux routiers et voirie urbaine / B.5- Assises non traitées et enduits superficiels / Classe 2,,False,False
955607,j0w,1,,Fournitures,,139824.0,2500.0,,,False,False
955681,g8e,1,,Travaux,,40024800.0,600400.0,Equipement / B- Travaux routiers et voirie urbaine / B.5- Assises non traitées et enduits superficiels / Classe 1,,False,False
956705,j8k,1,,Services,,104207000.0,0.0,,,False,False
956721,f9f,1,,Travaux,,3276900.0,65500.0,Equipement / C- Eau potable - Assainissement - Conduites / C.3- Travaux courants de réseaux d’assainissement et ouvrages annexes / Classe 4,,False,False
957292,f9f,1,,Travaux,,922476.0,18000.0,Equipement / A- Construction / A.6- Travaux de construction des réservoirs courants en béton armé de capacité inférieure ou égale à 1000 m3 / Classe 3,,False,True
957371,g8e,1,,Fournitures,,2904000.0,45000.0,,,False,False
957431,w5x,1,,Fournitures,,3170400.0,63408.0,,,False,False
957563,j0w,1,,Fournitures,,760000.0,15000.0,,,False,False
957872,f9f,1,,Travaux,,830640.0,16000.0,Equipement / B- Travaux routiers et voirie urbaine / B.11- Travaux de dallage et bétonnage de la voirie urbaine / Classe 5,,False,False
958643,s5z,1,,Travaux,,135574275.0,1470000.0,"Equipement / A- Construction / A.3- Travaux de complexité moyenne en béton armé pour bâtiment / Classe S Equipement / J- Electricite / J.2- Travaux d'installation des équipements électriques et d'automatisme / Classe 1 Equipement / K- Courants faibles, traitement acoustique et audio-visuel / K.4- Gestion technique centralisée / Classe 1",,False,False
958736,g8e,1,,Travaux,,17901600.0,270000.0,Equipement / J- Electricite / J.4- Travaux d'éclairage public / Classe 1 Equipement / J- Electricite / J.3- Travaux d’installation électrique de plaques solaires / Classe 1,,False,False
958798,i1t,1,,Travaux,,2258400.0,45000.0,Equipement / I- Equipements hydromecaniques - Traitement d'eau potable - Automatisme / I.8- Travaux d'installation d'équipements d'épuration des eaux usées / Classe 5,,False,False
958805,d4q,1,remplacement de câble de garde vétustes des lignes HTB du réseau relevant de la Division Exploitation Transport Casablanca,Travaux,,7001000.0,100000.0,,,False,False
958805,d4q,2,remplacement de câble de garde vétustes des lignes HTB du réseau relevant de la Division Exploitation Transport El Jadida,Travaux,,4309000.0,50000.0,,,False,False
958805,d4q,3,remplacement de câble de garde vétustes des lignes HTB du réseau relevant de la Division Exploitation Transport Afourer,Travaux,,13770000.0,200000.0,,,False,False
958837,f9f,1,,Travaux,,607536.0,12000.0,Equipement / A- Construction / A.2- Travaux courants en béton armé-maçonnerie pour bâtiment / Classe 5,,False,False
958893,f9f,1,,Travaux,,519060.0,10000.0,Equipement / A- Construction / A.2- Travaux courants en béton armé-maçonnerie pour bâtiment / Classe 5,,False,False
958929,g8e,1,,Travaux,,8571720.2,130000.0,Equipement / A- Construction / A.5- Travaux d’aménagement et de réhabilitation de bâtiments / Classe 3,,False,False
958940,g8e,1,,Services,,1080000.0,20000.0,,,False,False
958944,g8e,1,,Travaux,,30042000.0,460000.0,Equipement / J- Electricite / J.3- Travaux d’installation électrique de plaques solaires / Classe 1 Equipement / J- Electricite / J.4- Travaux d'éclairage public / Classe 1,,False,False
958960,m8x,1,,Fournitures,,109200.0,2148.0,,,False,False
958992,p1v,1,,Travaux,,5995274.4,100000.0,Equipement / J- Electricite / J.4- Travaux d'éclairage public / Classe 4 Equipement / O- Revetements / O.1- Travaux de revêtements courants / Classe 3 Equipement / B- Travaux routiers et voirie urbaine / B.1- Travaux de terrassements routiers courants / Classe 5 Equipement / B- Travaux routiers et voirie urbaine / B.6- Assises traitées et enrobés à chaud / Classe 5,,False,False
959089,d4q,1,,Fournitures,,881126.8,0.0,,,False,False
959181,g3h,1,,Travaux,,5691843.6,100000.0,Equipement / A- Construction / A.1- Travaux de fouilles à l’air libre / Classe 4 Equipement / A- Construction / A.2- Travaux courants en béton armé-maçonnerie pour bâtiment / Classe 4 Equipement / A- Construction / A.5- Travaux d’aménagement et de réhabilitation de bâtiments / Classe 4,,False,True
959215,q9t,1,ECHOCARDIOGRAPHE AVEC SONDE ETO,Fournitures,,2160000.0,22000.0,,,False,False
959215,q9t,10,REFRIGERATEURS MEDICAUX ET BANQUE DE SANG,Fournitures,,2157600.0,22000.0,,,False,False
959215,q9t,11,"MATERIEL D’OBSTETRIQUE, NEONATOLOGIE ET SOINS GENERAUX",Fournitures,,10836780.0,109000.0,,,False,False
959215,q9t,12,"MATERIEL D’URGENCE, REANIMATION ET SURVEILLANCE MULTIPARAMETRIQUE",Fournitures,,5199120.0,52000.0,,,False,False
959215,q9t,13,MOBILIER ET EQUIPEMENT DE BUREAU ET CAFETERIA,Fournitures,,5513760.0,56000.0,,,False,False
959215,q9t,2,ECHOGRAPHE DE RADIOLOGIE AVEC REDUCTION D’ARTEFACTS,Fournitures,,1140000.0,12000.0,,,False,False
959215,q9t,3,ECHOGRAPHE DE RADIOLOGIE,Fournitures,,960000.0,10000.0,,,False,False
959215,q9t,4,EQUIPEMENTS DE CHIRURGIE DENTAIRE ET MAXILLO-FACIALE AVEC STERILISATION,Fournitures,,2640000.0,27000.0,,,False,False
959215,q9t,5,SYSTEMES DE MACROBIOPSIE SOUS ECHOGRAPHIE,Fournitures,,900000.0,9000.0,,,False,False
959215,q9t,6,COLONNE D’ENDOSCOPIE RACHIDIENNE,Fournitures,,3000000.0,30000.0,,,False,False
959215,q9t,7,LASER THULIUM D’UROLOGIE PROSTATE ET LITHIASE,Fournitures,,1800000.0,18000.0,,,False,False
959215,q9t,8,MACHINE D’EPURATION EXTRA-RENALE CONTINUE MOBILE,Fournitures,,696000.0,7000.0,,,False,False
959215,q9t,9,INJECTEURS AUTOMATIQUES POUR SCANNER,Fournitures,,396000.0,4000.0,,,False,False
959585,d4q,1,,Fournitures,,7920000.0,102000.0,,,False,False
959654,q0x,1,,Services,,400000.0,40000.0,,,False,False
959657,q9t,1,,Fournitures,,2316624.0,46000.0,,,False,True
959860,f9f,1,,Travaux,,590748.0,11000.0,Equipement / D- Construction d'ouvrages d'art / D.6- Ponts métalliques courants / Classe 4,,False,False
959937,q9t,1,,Fournitures,,2430000.0,40000.0,,,False,False
960217,d4q,1,,Fournitures,,6112500.0,100000.0,,,False,False
960315,o8p,1,,Travaux,,16271160.0,245000.0,Equipement / A- Construction / A.5- Travaux d’aménagement et de réhabilitation de bâtiments / Classe 3,,False,False
960338,h5r,1,,Travaux,,398982.98,7900.0,,,False,False
960388,o8p,1,,Travaux,,383768820.0,4000000.0,Equipement / B- Travaux routiers et voirie urbaine / B.6- Assises traitées et enrobés à chaud / Classe S,,False,False
960401,d4q,1,,Travaux,,3960000.0,50000.0,,,False,False
960440,g3h,1,,Fournitures,,693000.0,10000.0,,,False,False
960468,g8e,1,,Services,,1152000.0,20000.0,,,False,False
960710,g3h,1,,Services,,0.0,0.0,,,False,False
960731,g3h,1,Renforcement de la capacité de la station de pompage en Bretagne,Fournitures,,2436780.0,26000.0,,,True,False
960731,g3h,2,Renforcement de la capacité des stations de pompage Oubaha et Pont Blondin Comporte des dispositions envrionnementales,Fournitures,,3250560.0,35000.0,,,True,False
960731,g3h,3,Fourniture et installation de deux pompes immergées à la station de pompage Zerktouni Comporte des dispositions envrionnementales,Fournitures,,3780000.0,40000.0,,,True,False
960731,g3h,4,Renouvellement de la grosse pompe de la station El Hank Comporte des dispositions envrionnementales,Fournitures,,2400000.0,26000.0,,,True,False
960731,g3h,5,Renouvellement partie hydraulique des pompes station de pompage Médiouna C85 Comporte des dispositions envrionnementales,Fournitures,,960000.0,10500.0,,,True,False
960731,g3h,6,"Renouvellement des moteurs électriques 5,5 kVA des stations de pompage Médiouna C85-km 8 et Médiouna C140 Comporte des dispositions envrionnementales",Fournitures,,3000000.0,32500.0,,,True,False
960757,d4q,1,,Travaux,,3000000.0,30000.0,,,False,False
960766,f4g,1,,Services,,144000.0,2800.0,,D14- Calcul de structures pour bâtiments à tous usages D15- Courant fort et courant faible pour bâtiments à tous usages D16- Réseaux des fluides pour bâtiments à tous usages,False,False
960884,g7n,1,,Services,,512880.0,10000.0,,,False,False
960913,g3h,1,Rebobinage des motopompes des STEPs et SPRETs de la SRM-CS,Services,,360000.0,4500.0,,,True,False
960913,g3h,2,Rebobinage et réparation des pompes et agitateurs Eaucean et STEPs de la SRM-CS,Services,,3600000.0,46500.0,,,True,False
960913,g3h,3,Rebobinage et réparation des pompes El Hank et STEPs de la SRM-CS,Services,,3287125.2,42500.0,,,True,False
960922,g3h,1,"Rebobinage, étuvage et Travaux de maintenance mécanique complémentaire des pompes Assainissement",Services,,1978596.0,25000.0,,,True,False
960922,g3h,2,Entretien des installations de désodorisation des stations de pompage Assainissement,Services,,1166104.8,15000.0,,,True,False
960952,g3h,1,Renouvellement des ponts roulant de levage des pompes station de pompage d'assainissement,Services,,1992000.0,25000.0,,,True,False
960952,g3h,2,Fourniture et installation palans benne et bâche El Hank,Fournitures,,1200000.0,15000.0,,,True,False
960952,g3h,3,Fourniture et installation palan électrique grappin Eaucean,Fournitures,,960000.0,12000.0,,,True,False
960952,g3h,4,Renouvellement appareils de levage pompes d'émissaire Eaucean,Services,,720000.0,9000.0,,,True,False
960952,g3h,5,Fourniture des palans de manutention pour besoin exploitation ouvrage Assainissement,Fournitures,,510000.0,6000.0,,,True,False
960977,j8k,1,,Services,,288330000.0,0.0,,,False,False
961296,d4q,1,,Travaux,,1264800.0,20000.0,,,False,False
961357,i1t,1,,Fournitures,,800000.0,16000.0,,,False,True
961379,g8e,1,,Services,,8815361.63,170000.0,,,False,False
961406,j0w,1,,Travaux,,325505.46,6000.0,,,False,False
961421,j0w,1,,Travaux,,325505.46,6000.0,,,False,False
961428,a1z,1,,Fournitures,,792000.0,13000.0,,,False,False
961460,d4q,1,Tout venant Chutes de pylônes,Fournitures,,0.0,10000.0,,,False,False
961460,d4q,2,Tout venant Chute de câbles de conducteur,Fournitures,,0.0,10000.0,,,False,False
961526,i1t,1,,Services,,540000.0,10000.0,,"D4. Routes, Autoroutes, Transport D5. Ouvrages d'art D13. Etudes générales",False,False
961682,g3h,1,,Services,,1200000.0,0.0,,,False,False
961732,o8p,1,,Fournitures,,2333760.0,35100.0,,,True,False
961779,i1t,1,,Travaux,,37977240.0,700000.0,,,False,False
961807,o8p,1,,Fournitures,,10705497.84,160600.0,,,False,False
961863,q9t,1,lot N° 1 : MATERIEL DIVERS POUR DESTINATIONS TYPE 1,Fournitures,,6456996.0,65000.0,,,False,False
961863,q9t,10,lot N° 10 : MATERIEL DIVERS POUR DESTINATIONS TYPE 10,Fournitures,,3787668.0,38000.0,,,False,False
961863,q9t,2,lot N°2 :MATERIEL DIVERS POUR DESTINATIONS TYPE 2,Fournitures,,6061896.0,61000.0,,,False,False
961863,q9t,3,Lot N°3: MATERIEL DIVERS POUR DESTINATIONS TYPE 3,Fournitures,,5468928.0,55000.0,,,False,False
961863,q9t,4,lot N° 4 : MATERIEL DIVERS POUR DESTINATIONS TYPE 4,Fournitures,,5219808.0,53000.0,,,False,False
961863,q9t,5,lot N° 5 : MATERIEL DIVERS POUR DESTINATIONS TYPE 5,Fournitures,,5082288.0,51000.0,,,False,False
961863,q9t,6,lot N° 6 : MATERIEL DIVERS POUR DESTINATIONS TYPE 6,Fournitures,,5050128.0,51000.0,,,False,False
961863,q9t,7,lot N° 7 : MATERIEL DIVERS POUR DESTINATIONS TYPE 7,Fournitures,,4946388.0,50000.0,,,False,False
961863,q9t,8,lot N° 8: MATERIEL DIVERS POUR DESTINATIONS TYPE 8,Fournitures,,4614276.0,47000.0,,,False,False
961863,q9t,9,lot N° 9 : MATERIEL DIVERS POUR DESTINATIONS TYPE 9,Fournitures,,3869808.0,39000.0,,,False,False
961871,h5j,1,,Travaux,,37779577.2,700000.0,Equipement / A- Construction / A.2- Travaux courants en béton armé-maçonnerie pour bâtiment / Classe 2,,False,False
961877,p8x,1,,Services,,11368374.6,160000.0,,,False,False
961881,p8x,1,,Services,,15348049.2,200000.0,,,False,False
961882,g3h,1,Construction d’un réservoir semi-enterré de capacité 3800 m3 (Étage bas) au niveau de la ville Berrechid,Travaux,,10679340.0,115000.0,,,True,False
961882,g3h,2,Construction d’un réservoir semi-enterré de capacité 4000 m3 (Étage haut) au niveau de la ville Berrechid,Travaux,,10264920.0,111000.0,,,True,False
961882,g3h,3,Construction d'un réservoir semi-enterré de capacité 5 000 m3 Au niveau du centre El Gara,Travaux,,15923292.0,172000.0,,,True,False
961883,p8x,1,,Services,,12997366.8,180000.0,,,False,False
961887,o8p,1,,Travaux,,149045919.6,2500000.0,Equipement / A- Construction / A.2- Travaux courants en béton armé-maçonnerie pour bâtiment / Classe S,,False,False
961902,h5j,1,,Fournitures,,4297601.28,70000.0,,,False,False
961926,g3h,1,"Fourniture de Camions Grues 16 T avec et sans Nacelle, et Camion Benne 16 T",Fournitures,,6660000.0,86000.0,,,True,False
961926,g3h,2,Fourniture de Camions Grues 16 T avec et sans Nacelle,Fournitures,,6960000.0,90000.0,,,False,False
961933,o8p,1,,Fournitures,,504000000.0,6300000.0,,,False,False
961938,g3h,1,Fourniture des véhicules 4x4 Pick-up avec système complet d’attelage,Fournitures,,3300000.0,40000.0,,,True,False
961938,g3h,2,Fourniture des véhicules 4x4 Pick-up avec système complet d’attelage,Fournitures,,3300000.0,40000.0,,,True,False
961938,g3h,3,Fourniture des véhicules 4x4 Pick-up avec système complet d’attelage,Fournitures,,1980000.0,25000.0,,,True,False
961944,g3h,1,Fourniture des Camions Nacelles Hydrauliques 22 M & 16 M,Fournitures,,7560000.0,97000.0,,,True,False
961944,g3h,2,Fourniture des Camions Nacelles Hydrauliques 16 M,Fournitures,,5760000.0,73000.0,,,True,False
961944,g3h,3,Fourniture des Camions Nacelles Hydrauliques 16 M,Travaux,,6480000.0,83000.0,,,True,False
961946,g3h,1,Fourniture des Hydro-cureuses Combinées et Aspiratrices Complètes,Fournitures,,24360000.0,310000.0,,,True,False
961946,g3h,2,Fourniture des Hydro-cureuses Combinées et Aspiratrices Complètes,Fournitures,,24360000.0,310000.0,,,True,False
961946,g3h,3,Fourniture des Hydro-cureuses Combinées et Aspiratrices Complètes,Fournitures,,24120000.0,300000.0,,,True,False
961962,d4q,1,,Travaux,,720000.0,7200.0,,,False,True
961963,d4q,1,,Travaux,,3300000.0,33000.0,,,False,True
961992,a1z,1,,Services,,33742080.0,674842.0,,,False,False
962038,q1s,1,,Fournitures,,16600000.0,332000.0,,,False,False
962054,g8e,1,,Travaux,,19251120.0,286000.0,Equipement / B- Travaux routiers et voirie urbaine / B.5- Assises non traitées et enduits superficiels / Classe 2,,False,False
962115,p1v,1,,Travaux,,1250668.42,25000.0,Equipement / A- Construction / A.5- Travaux d’aménagement et de réhabilitation de bâtiments / Classe 5 Equipement / J- Electricite / J.5- Réalisation de réseaux de branchement électrique basse tension / Classe 4,,False,False
962141,q9t,1,ÉQUIPEMENTS BLINDÉS DE PRÉPARATION ET DE STOCKAGE RADIOPHARMACEUTIQUES,Fournitures,,4845600.0,49000.0,,,False,False
962141,q9t,10,"MATÉRIEL MÉDICAL D’URGENCE, DE SURVEILLANCE ET DE TRANSPORT",Fournitures,,4682400.0,47000.0,,,False,False
962141,q9t,11,"MOBILIER HOSPITALIER, CHARIOTS ET DISPOSITIFS DE SOINS",Fournitures,,6920520.0,70000.0,,,False,False
962141,q9t,12,MOBILIER DE BUREAU ET D’AMÉNAGEMENT ADMINISTRATIF,Fournitures,,4434000.0,45000.0,,,False,False
962141,q9t,2,INJECTEUR AUTOMATIQUE DE RADIOPHARMACEUTIQUES,Fournitures,,2280000.0,23000.0,,,False,False
962141,q9t,3,DISPOSITIFS DE PROTECTION ET DE CONTRÔLE POUR MÉDECINE NUCLÉAIRE,Fournitures,,3106800.0,32000.0,,,False,False
962141,q9t,4,ÉQUIPEMENTS BLINDÉS DE COLLECTE ET DE DÉCROISSANCE DES DÉCHETS RADIOACTIFS,Fournitures,,2856000.0,29000.0,,,False,False
962141,q9t,5,SCANNER TDM MULTIDISCIPLINAIRE ET ÉQUIPEMENTS D’IMAGERIE ASSOCIÉS,Fournitures,,6392400.0,64000.0,,,False,False
962141,q9t,6,"ÉQUIPEMENTS D’ANESTHÉSIE, DE RÉANIMATION ET DE SURVEILLANCE FŒTO-NÉONATALE",Fournitures,,2634000.0,27000.0,,,False,False
962141,q9t,7,AUTOMATES ET ANALYSEURS DE LABORATOIRE MULTIDISCIPLINAIRES,Fournitures,,2346000.0,24000.0,,,False,False
962141,q9t,8,MATERIEL D’EXPLORATION OPHTALMOLOGIQUE,Fournitures,,1524000.0,16000.0,,,False,False
962141,q9t,9,ANALYSEURS PORTATIFS DE GAZOMÉTRIE ET TESTS D’URGENCE,Fournitures,,1470000.0,15000.0,,,False,False
962229,q0x,1,,Services,,300000.0,5500.0,,"D14- Calcul de structures pour bâtiments à tous usages D15- Courant fort et courant faible pour bâtiments à tous usages D17- Voirie, réseaux d'assainissement et eau potable",False,False
962349,q1s,1,,Travaux,,1551240.0,30000.0,,,False,False
962358,q1s,1,,Travaux,,1551240.0,30000.0,,,False,False
962365,q1s,1,,Travaux,,2068320.0,40000.0,,,False,False
962376,d4q,1,,Services,,4034400.0,40400.0,,,False,False
962377,o8p,1,Tronçon de la ligne classique Kenitra/ Zenata,Fournitures,,12352128.0,154500.0,,,False,False
962377,o8p,2,Tronçon de la ligne classique Zenata (exclus)/Casablanca,Fournitures,,12540648.0,156800.0,,,False,False
962377,o8p,3,Tronçon de la ligne classique Casablanca (Exclue)/Marrakech,Fournitures,,12329724.0,154200.0,,,False,False
962564,d4q,1,,Fournitures,,2800100.0,50000.0,,,False,False
962643,m8x,1,,Services,,62640.0,1250.0,,,False,False
962654,q0x,1,,Fournitures,,437868.0,8750.0,,,False,False
962714,q9t,1,MATERIEL DIVERS POUR DESTINATIONS TYPE 1,Fournitures,,8903640.0,95000.0,,,False,False
962714,q9t,10,MATERIEL DIVERS POUR DESTINATIONS TYPE 10,Fournitures,,3868224.0,40000.0,,,False,False
962714,q9t,2,MATERIEL DIVERS POUR DESTINATIONS TYPE 2,Fournitures,,8007828.0,90000.0,,,False,False
962714,q9t,3,MATERIEL DIVERS POUR DESTINATIONS TYPE 3,Fournitures,,6462612.0,70000.0,,,False,False
962714,q9t,4,MATERIEL DIVERS POUR DESTINATIONS TYPE 4,Fournitures,,5925720.0,65000.0,,,False,False
962714,q9t,5,MATERIEL DIVERS POUR DESTINATIONS TYPE 5,Fournitures,,5410392.0,60000.0,,,False,False
962714,q9t,6,MATERIEL DIVERS POUR DESTINATIONS TYPE 6,Fournitures,,5371608.0,55000.0,,,False,False
962714,q9t,7,MATERIEL DIVERS POUR DESTINATIONS TYPE 7,Fournitures,,4974288.0,50000.0,,,False,False
962714,q9t,8,MATERIEL DIVERS POUR DESTINATIONS TYPE 8,Fournitures,,4808760.0,49000.0,,,False,False
962714,q9t,9,MATERIEL DIVERS POUR DESTINATIONS TYPE 9,Fournitures,,4222692.0,45000.0,,,False,False
962726,g3h,1,,Travaux,,432861.41,8500.0,,,False,False
962739,m8x,1,,Travaux,,5465350.8,85000.0,,,False,False
962914,g3h,1,"Prestations de recensement des réseaux d’eau potable, d’assainissement, d’électricité et intégration des données dans le système d’information géographique (SIG) du périmètre de la province D’EL JADIDA ET SIDI BENNOUR",Services,,34098000.0,350000.0,,,True,False
962914,g3h,2,"Prestations de recensement des réseaux d’eau potable, d’assainissement, d’électricité et intégration des données dans le système d’information géographique (SIG) du périmètre de la province provinces de SETTAT ET BERRECHID",Services,,44151000.0,450000.5,,,True,False
962914,g3h,3,"Prestations de recensement des réseaux d’eau potable, d’assainissement, d’électricité et intégration des données dans le système d’information géographique (SIG) du périmètre de la province provinces et préfectures de BENSLIMANE, CASABLANCA, MEDIOUNA, NOUACEUR ET MOHAMMEDIA",Services,,29002800.0,300000.0,,,True,False
962919,g3h,1,Acquisition de licence et de support de la solution de supervision NAGIOS,Services,,115200.0,1400.0,,,True,False
962919,g3h,2,Acquisition de licence et de support du système de traçabilité des accès à privilège BEYOND-TRUST,Services,,114000.0,1400.0,,,True,False
962919,g3h,3,Contrat de maintenance et support technique des solutions “MANAGE ENGINE” de la DSI,Services,,294000.0,3000.0,,,True,False
962919,g3h,4,Contrat de maintenance et de support technique des solutions RAPID7 de la DSI,Services,,439562.4,4700.0,,,True,False
962991,m1w,1,Lot n° 1 : Siège et bâtiments annexes de Barid Al- Maghrib :,Services,L’acquisition de la prestation d’accueil et gardiennage pour le compte de Barid Al-Maghrib : Lot n° 1 : Siège et bâtiments annexes de Barid Al- Maghrib :,2685081.6,50000.0,,,False,False
962991,m1w,2,Lot n° 2 : Région Fès-Meknès-Oujda,Services,L’acquisition de la prestation d’accueil et gardiennage pour le compte de Barid Al-Maghrib : Lot n° 2 : Région Fès-Meknès-Oujda,3536841.6,70000.0,,,False,False
962991,m1w,3,Lot n° 3 : Région Marrakech-Agadir-Laayoune,Services,L’acquisition de la prestation d’accueil et gardiennage pour le compte de Barid Al-Maghrib : Lot n° 3 : Région Marrakech-Agadir-Laayoune,4199731.2,80000.0,,,False,False
962991,m1w,4,Lot n° 4 : Région Rabat-Tanger,Services,L’acquisition de la prestation d’accueil et gardiennage pour le compte de Barid Al-Maghrib : Lot n° 4 : Région Rabat-Tanger,4953110.4,95000.0,,,False,False
962991,m1w,5,Lot n° 5 : Région Casablanca-Settat,Services,L’acquisition de la prestation d’accueil et gardiennage pour le compte de Barid Al-Maghrib : Lot n° 5 : Région Casablanca-Settat,4790160.0,93000.0,,,False,False
963001,y6u,1,,Services,,2500000.0,50000.0,,,False,False
963043,g3h,1,Extension 60 kV des Postes ONEE Taghramt et Jbel Moussa,Travaux,,2051268.0,41000.0,,,False,False
963043,g3h,2,Extension du poste 60/20 kV Fnideq,Travaux,,37426490.0,700000.0,,,False,False
963065,d4q,1,,Services,,3300000.0,50000.0,,,False,False
963109,d4q,1,,Fournitures,,25732245.0,500000.0,,,True,False
963149,d4q,1,,Travaux,,16908200.0,200000.0,,,False,False
963293,g3h,1,Renouvellement du système de traitement d’air au poste source Sidi Othman,Services,,240000.0,3100.0,,,True,False
963293,g3h,2,Renouvellement du système de désenfumage au poste source Sidi Othman,Services,,420000.0,5400.0,,,True,False
963293,g3h,3,Renouvellement du système de traitement d’air au poste source Aïn Harrouda,Services,,600000.0,7800.0,,,True,False
963321,g3h,1,Entretien industriel des STEPs et SPRETs de la SRM-CS,Services,,966600.0,12000.0,,,True,False
963321,g3h,2,"Maintenance des groupes électrogènes, surpresseurs d’air, compresseur d’air et aérateur de surface des STEPs et SPRETs",Services,,1200000.0,15000.0,,,False,False
963321,g3h,3,"Maintenance, entretien et réparation des sous-ensembles dégrilleurs automatiques, vis compacteurs et convoyeurs des STEPs et SPRETs",Services,,1200000.0,15000.0,,,True,False
963321,g3h,4,Maintenance des appareils de levage et rideau de la SRM-CS,Services,,600000.0,7000.0,,,True,False
963321,g3h,5,Entretien des équipements hydrauliques et fourniture des pièces de rechange hydrauliques,Services,,3000000.0,39000.0,,,True,False
963321,g3h,6,Entretien des installations de désodorisation des STEPs,Services,,1200000.0,15000.0,,,True,False
963321,g3h,7,Fourniture des pièces de rechange des pompes d’assainissement de la SRM-CS,Fournitures,,600000.0,7000.0,,,True,False
963350,g3h,1,"Réhabilitation de l’éclairage interieur, exterieur et installations BT dans le poste source Aïn Harrouda",Travaux,,299940.0,3900.0,,,True,False
963350,g3h,2,"Réhabilitation de l’éclairage interieur, exterieur et installations BT dans le poste source Mohammedia",Travaux,,167856.0,2180.0,,,True,False
963350,g3h,3,"Réhabilitation de l’éclairage interieur, exterieur et installations BT dans le poste source Zenata",Travaux,,179820.0,2330.0,,,True,False
963370,g3h,1,Fourniture de matériels informatique,Fournitures,,321480.0,4000.0,,,True,False
963370,g3h,2,Fourniture et installation d’onduleurs de 30 KVA,Fournitures,,396000.0,5000.0,,,True,False
963374,g3h,1,,Travaux,,45468948.0,600000.0,,,False,False
963376,g3h,1,Mise à niveau de la plateforme de sauvegarde et renouvellement du support,Services,,3360000.0,43000.0,,,True,False
963376,g3h,2,Acquisition et mise en oeuvre d’une solution de protection des sauvegardes,Services,,3060000.0,39000.0,,,True,False
963519,x6c,1,,Services,,49800000.0,800000.0,,,False,False
963537,g3h,1,,Services,,10144800.0,100000.0,,"D3. Hydraulique urbaine D7. Travaux maritimes et fluviaux D13. Etudes générales D17- Voirie, réseaux d'assainissement et eau potable D18- Réseaux d'électricité basse et moyenne tension, réseaux téléphoniques et éclairage public D19- Etudes d'impact sur l'environnement",False,False
963600,q9t,1,"La remise en état de fonctionnement, la Maintenance préventive et corrective des Equipements Biomédicaux des RESSP relevant de la délégation du ministère de la santé à la province de Moulay Yacoub » Lot N° 01 : EQUIPEMENT DE L’IMAGERIE MEDICAL",Services,,302400.0,6000.0,,,False,False
963600,q9t,2,"La remise en état de fonctionnement, la Maintenance préventive et corrective des Equipements Biomédicaux des RESSP relevant de la délégation du ministère de la santé à la province de Moulay Yacoub » Lot N° 02 : EQUIPEMENTS DE REANIMATION NEONATALE",Services,,68784.0,1300.0,,,False,False
963622,q9t,1,,Fournitures,,4392600.0,65000.0,,,False,False
963654,d4q,1,,Travaux,,3600000.0,36000.0,,,False,False
963781,g3h,1,,Travaux,,1074076.13,21000.0,,,False,False
964008,d4q,1,,Travaux,,1680000.0,16800.0,,,False,False
964096,t5y,1,,Fournitures,,15789672.0,300000.0,,,False,False
964120,p1v,1,,Services,,493000.0,50000.0,,,False,False
964272,h5r,1,,Fournitures,,631320.0,12000.0,,,False,True
964472,a1z,1,,Services,,11846982.0,237300.0,,,False,False
964518,q1s,1,Lot 1 : STATION DE TRAVAIL,Fournitures,,1144800.0,20000.0,,,False,False
964518,q1s,2,Lot 2 : POSTE DE TRAVAIL,Fournitures,,7257600.0,120000.0,,,False,False
964518,q1s,3,Lot 3 : IMPRIMANTE DE CAISSE,Fournitures,,600000.0,10000.0,,,False,False
964518,q1s,4,Lot 4 : SERVEUR,Fournitures,,5301000.0,95000.0,,,False,False
964518,q1s,5,Lot 5 : CLUSTER,Fournitures,,13737600.0,250000.0,,,False,False
964518,q1s,6,Lot 6 : ENVIRONNEMENT HYPERCONVERGE,Fournitures,,13560000.0,220000.0,,,False,False
964575,d4q,1,,Fournitures,,1800000.0,18000.0,,,False,False
964578,d4q,1,,Travaux,,4000000.0,40000.0,,,False,False
964586,o8p,1,,Fournitures,,54480000.0,817200.0,,,True,False
964597,d4q,1,,Services,,24004224.0,0.0,,,False,False
964701,w6x,1,,Services,,35000000.0,0.0,,,False,False
964772,g3h,1,,Fournitures,,0.0,0.0,,,False,True
964835,g3h,1,,Fournitures,,408000.0,7000.0,,,False,False
964873,i1t,1,,Travaux,,1199476.66,20000.0,,,False,False
964899,h5j,1,,Fournitures,,4593694.8,80000.0,,,False,False
965042,d4q,1,,Travaux,,33792000.0,500000.0,,,False,False
965066,o8p,1,,Fournitures,,1629264.0,24400.0,,,True,False
965113,o8p,1,,Fournitures,,0.0,20000.0,,,False,False
965131,j0w,1,,Travaux,,2680740.0,50000.0,Equipement / B- Travaux routiers et voirie urbaine / B.1- Travaux de terrassements routiers courants / Classe 4 Equipement / B- Travaux routiers et voirie urbaine / B.3- Ouvrages d'assainissement routiers et traitement de l'environnement / Classe 4 Equipement / B- Travaux routiers et voirie urbaine / B.5- Assises non traitées et enduits superficiels / Classe 4,,False,False
965135,j0w,1,,Travaux,,4312980.0,60000.0,Equipement / B- Travaux routiers et voirie urbaine / B.1- Travaux de terrassements routiers courants / Classe 4 Equipement / B- Travaux routiers et voirie urbaine / B.3- Ouvrages d'assainissement routiers et traitement de l'environnement / Classe 4 Equipement / B- Travaux routiers et voirie urbaine / B.5- Assises non traitées et enduits superficiels / Classe 4,,False,False
965145,d4q,1,Alimentation en eau potable de la région d’Ait Baha à partir de la station de Dessalement. Lot 1 : Génie Civil et Equipement 1,Travaux,,22300000.0,223000.0,,,False,False
965145,d4q,2,Alimentation en eau potable de la région d’Ait Baha à partir de la station de Dessalement. Lot 2 : Génie Civil et Equipement 2,Travaux,,17000000.0,170000.0,,,False,False
965214,g3h,1,,Services,,17550000.0,0.0,,,False,True
965226,d4q,1,,Fournitures,,5084400.0,100000.0,,,False,False
965349,o8p,1,,Fournitures,,9360000.0,140400.0,,,True,False
965365,q9t,1,,Fournitures,,1199256.0,15000.0,,,False,False
965374,q1s,1,,Travaux,,6885538.0,135000.0,Equipement / A- Construction / A.2- Travaux courants en béton armé-maçonnerie pour bâtiment / Classe 3,,False,False
965384,f4g,1,,Services,,140400.0,2800.0,Laboratoires / ETUDES GEOTECHNIQUES / ETUDES GEOTECHNIQUES DES BATIMENTS COURANTS / Classe 4 Laboratoires / CONTROLE DE QUALITE / CONTROLE DES TRAVAUX DE BATIMENTS COURANTS / Classe 4 Laboratoires / CONTROLE DE QUALITE / CONTROLE DES TRAVAUX DES LOTS SECONDAIRES DES BATIMENTS / Classe 4,,False,False
965402,f4g,1,,Travaux,,7430266.98,148000.0,Equipement / A- Construction / A.2- Travaux courants en béton armé-maçonnerie pour bâtiment / Classe 3,,False,False
965406,d4q,1,,Travaux,,35000400.0,0.0,,,True,False
965480,g3h,1,"Travaux de création d’un nouveau départ HTA souterrain à partir du poste Tit Mellil, mise à niveau des boucles du centre Tit Mellil et création des boucles aériennes entre dérivations",Travaux,,9586147.2,125000.0,,,True,False
965480,g3h,2,"Travaux de renouvellement, de renforcement et de mise en conformité des réseaux HTA et des postes HTA/BT au niveau de la province de Médiouna et des arrondissements et de Sidi Moumen, Moulay Rachid et Sidi Othmane",Travaux,,9546471.6,124000.0,,,True,False
965480,g3h,3,"Travaux d’aménagement, de renforcement et de mise en conformité des réseaux Basse Tension",Travaux,,8036088.0,100000.0,,,True,False
965480,g3h,4,"Travaux de création d'un nouveau départ à partir du Poste Source «Sidi Messaoud» à Bouskoura, à boucler avec le départ «Dar Sridj» issu du Poste Source «Tit Mellil»",Travaux,,7224825.6,90000.0,,,True,False
965480,g3h,5,Travaux d’injection des Postes HTA/BT et création des nouveaux départs BT au niveau des villages et agglomérations relevant de la Province de Médiouna,Travaux,,3549064.2,45000.0,,,True,False
965532,p8x,1,,Services,,2402620.0,40000.0,,,False,False
965542,z6n,1,,Fournitures,,2874502.8,57000.0,,,False,False
965584,d4q,1,,Travaux,,22200000.0,222000.0,,,False,False
965594,d4q,1,,Travaux,,3999996.0,0.0,,,False,True
965621,j8k,1,,Travaux,,11631873.6,180000.0,Habitat / 2 Travaux De Voirie / 2.1 Assises non traitées et enduits superficiels. / Classe 4 Equipement / B- Travaux routiers et voirie urbaine / B.5- Assises non traitées et enduits superficiels / Classe 3,,False,False
965626,g3h,1,,Fournitures,,11750400.0,200000.0,,,False,False
965637,d4q,1,,Services,,199968.0,3000.0,,,False,True
965650,j8k,1,,Travaux,,14327438.4,215000.0,Equipement / B- Travaux routiers et voirie urbaine / B.6- Assises traitées et enrobés à chaud / Classe 3 Equipement / C- Eau potable - Assainissement - Conduites / C.3- Travaux courants de réseaux d’assainissement et ouvrages annexes / Classe 4 Habitat / 2 Travaux De Voirie / 2.2 Sans objet. / Classe 4 Habitat / 3 Assainissement - Pose de conduites / 3.1 Travaux simples d'assainissement - conduites et ouvrages annexes. / Classe 3,,False,False
965757,q9t,1,,Fournitures,,4200000.0,80000.0,,,False,False
965768,a1t,1,,Services,,300000.0,5000.0,,,False,False
965797,g3h,1,,Services,,0.0,0.0,,,False,False
965835,a1t,1,,Services,,211680.0,4000.0,,,False,False
965837,d0q,1,,Travaux,,1842000.0,27252.0,,,False,False
965840,d0q,1,,Travaux,,940560.0,14000.0,,,False,False
965854,d0q,1,المتواجد بمجمع المركز التجاري B27 متعلقة بالمحل التجاري رقم,Services,المتواجد بمجمع المركز التجاري B27 متعلقة بالمحل التجاري رقم,400.0,2000.0,,,False,False
965854,d0q,10,المتواجد بمجمع المركز التجاري B40 متعلقة بالمحل التجاري رقم,Services,المتواجد بمجمع المركز التجاري B40 متعلقة بالمحل التجاري رقم,400.0,2000.0,,,False,False
965854,d0q,11,المتواجد بمجمع المركز التجاري MS2 متعلقة بالمحل التجاري رقم,Services,المتواجد بمجمع المركز التجاري MS2 متعلقة بالمحل التجاري رقم,700.0,3500.0,,,False,False
965854,d0q,12,المتواجد بمجمع المركز التجاري MS3 متعلقة بالمحل التجاري رقم,Services,المتواجد بمجمع المركز التجاري MS3 متعلقة بالمحل التجاري رقم,700.0,3500.0,,,False,False
965854,d0q,13,المتواجد بمجمع المركز التجاري MS4 متعلقة بالمحل التجاري رقم,Services,المتواجد بمجمع المركز التجاري MS4 متعلقة بالمحل التجاري رقم,700.0,3500.0,,,False,False
965854,d0q,14,المتواجد بمجمع المركز التجاري MS6 متعلقة بالمحل التجاري رقم,Services,المتواجد بمجمع المركز التجاري MS6 متعلقة بالمحل التجاري رقم,700.0,3500.0,,,False,False
965854,d0q,15,المتواجد بمجمع المركز التجاري MS7 متعلقة بالمحل التجاري رقم,Services,المتواجد بمجمع المركز التجاري MS7 متعلقة بالمحل التجاري رقم,700.0,3500.0,,,False,False
965854,d0q,16,المتواجد بمجمع المركز التجاري MS8 متعلقة بالمحل التجاري رقم,Services,المتواجد بمجمع المركز التجاري MS8 متعلقة بالمحل التجاري رقم,700.0,3500.0,,,False,False
965854,d0q,17,المتواجد بمجمع المركز التجاري MS10 متعلقة بالمحل التجاري رقم,Services,المتواجد بمجمع المركز التجاري MS10 متعلقة بالمحل التجاري رقم,700.0,3500.0,,,False,False
965854,d0q,18,المتواجد بمجمع المركز التجاري MS11 متعلقة بالمحل التجاري رقم,Services,المتواجد بمجمع المركز التجاري MS11 متعلقة بالمحل التجاري رقم,700.0,3500.0,,,False,False
965854,d0q,19,المتواجد بمجمع المركز التجاري MS14 متعلقة بالمحل التجاري رقم,Services,المتواجد بمجمع المركز التجاري MS14 متعلقة بالمحل التجاري رقم,700.0,3500.0,,,False,False
965854,d0q,2,المتواجد بمجمع المركز التجاري B29 متعلقة بالمحل التجاري رقم,Services,المتواجد بمجمع المركز التجاري B29 متعلقة بالمحل التجاري رقم,400.0,2000.0,,,False,False
965854,d0q,20,المتواجد بمجمع المركز التجاري MS15 متعلقة بالمحل التجاري رقم,Services,المتواجد بمجمع المركز التجاري MS15 متعلقة بالمحل التجاري رقم,700.0,3500.0,,,False,False
965854,d0q,21,المتواجد بمجمع المركز التجاري MS17 متعلقة بالمحل التجاري رقم,Services,المتواجد بمجمع المركز التجاري MS17 متعلقة بالمحل التجاري رقم,700.0,3500.0,,,False,False
965854,d0q,22,المتواجد بمجمع المركز التجاري MS18 متعلقة بالمحل التجاري رقم,Services,المتواجد بمجمع المركز التجاري MS18 متعلقة بالمحل التجاري رقم,700.0,3500.0,,,False,False
965854,d0q,23,متعلقة بالمحل التجاري رقم 19 المتواجد بمجمع السوق الجديد,Services,متعلقة بالمحل التجاري رقم 19 المتواجد بمجمع السوق الجديد,350.0,1750.0,,,False,False
965854,d0q,24,متعلقة بالمحل التجاري رقم 83 المتواجد بمجمع السوق الجديد,Services,متعلقة بالمحل التجاري رقم 83 المتواجد بمجمع السوق الجديد,350.0,1750.0,,,False,False
965854,d0q,25,متعلقة بالمحل التجاري رقم 87 المتواجد بمجمع السوق الجديد,Services,متعلقة بالمحل التجاري رقم 87 المتواجد بمجمع السوق الجديد,350.0,1750.0,,,False,False
965854,d0q,26,متعلقة بالمحل التجاري رقم 93 المتواجد بمجمع السوق الجديد,Services,متعلقة بالمحل التجاري رقم 93 المتواجد بمجمع السوق الجديد,350.0,1750.0,,,False,False
965854,d0q,27,متعلقة بالمحل التجاري رقم 101 المتواجد بمجمع السوق الجديد,Services,متعلقة بالمحل التجاري رقم 101 المتواجد بمجمع السوق الجديد,350.0,1750.0,,,False,False
965854,d0q,28,متعلقة بالمحل التجاري رقم 102 المتواجد بمجمع السوق الجديد,Services,متعلقة بالمحل التجاري رقم 102 المتواجد بمجمع السوق الجديد,350.0,1750.0,,,False,False
965854,d0q,29,متعلقة بالمحل التجاري رقم 105 المتواجد بمجمع السوق الجديد,Services,متعلقة بالمحل التجاري رقم 105 المتواجد بمجمع السوق الجديد,350.0,1750.0,,,False,False
965854,d0q,3,المتواجد بمجمع المركز التجاري B30 متعلقة بالمحل التجاري رقم,Services,المتواجد بمجمع المركز التجاري B30 متعلقة بالمحل التجاري رقم,400.0,2000.0,,,False,False
965854,d0q,30,متعلقة بالمحل التجاري رقم 122 المتواجد بمجمع السوق الجديد,Services,متعلقة بالمحل التجاري رقم 122 المتواجد بمجمع السوق الجديد,300.0,1500.0,,,False,False
965854,d0q,31,متعلقة بالمحل التجاري رقم 18 المتواجد بالمجمع العقاري - الطابق الأرضي,Services,متعلقة بالمحل التجاري رقم 18 المتواجد بالمجمع العقاري - الطابق الأرضي,1900.0,9500.0,,,False,False
965854,d0q,32,متعلقة بالمحل التجاري رقم 18 المتواجد بمجمع الأمل,Services,متعلقة بالمحل التجاري رقم 18 المتواجد بمجمع الأمل,500.0,2500.0,,,False,False
965854,d0q,33,متعلقة بالمحل التجاري رقم 45 المتواجد بمجمع السوق الجديد,Services,متعلقة بالمحل التجاري رقم 45 المتواجد بمجمع السوق الجديد,300.0,1500.0,,,False,False
965854,d0q,4,المتواجد بمجمع المركز التجاري B31 متعلقة بالمحل التجاري رقم,Services,المتواجد بمجمع المركز التجاري B31 متعلقة بالمحل التجاري رقم,400.0,2000.0,,,False,False
965854,d0q,5,المتواجد بمجمع المركز التجاري B35 متعلقة بالمحل التجاري رقم,Services,المتواجد بمجمع المركز التجاري B35 متعلقة بالمحل التجاري رقم,400.0,2000.0,,,False,False
965854,d0q,6,المتواجد بمجمع المركز التجاري B36 متعلقة بالمحل التجاري رقم,Services,المتواجد بمجمع المركز التجاري B36 متعلقة بالمحل التجاري رقم,400.0,2000.0,,,False,False
965854,d0q,7,المتواجد بمجمع المركز التجاري B37 متعلقة بالمحل التجاري رقم,Services,المتواجد بمجمع المركز التجاري B37 متعلقة بالمحل التجاري رقم,400.0,2000.0,,,False,False
965854,d0q,8,المتواجد بمجمع المركز التجاري B38 متعلقة بالمحل التجاري رقم,Services,المتواجد بمجمع المركز التجاري B38 متعلقة بالمحل التجاري رقم,400.0,2000.0,,,False,False
965854,d0q,9,المتواجد بمجمع المركز التجاري B39 متعلقة بالمحل التجاري رقم,Services,المتواجد بمجمع المركز التجاري B39 متعلقة بالمحل التجاري رقم,400.0,2000.0,,,False,False
965858,g8e,1,,Travaux,,945504.0,14000.0,Equipement / C- Eau potable - Assainissement - Conduites / C.1- Réseaux de conduites sous pression de petit diamètre inférieur ou égal à 400 mm et ouvrages annexes / Classe 5,,False,True
965875,y6u,1,,Fournitures,,6500000.0,130000.0,,,False,False
965910,f4g,1,,Services,,1357480.26,25000.0,,,False,False
965934,i1t,1,,Services,,317000.0,31700.0,,,False,True
965955,d4q,1,,Travaux,,1453996.8,14600.0,,,False,False
965981,j0w,1,,Travaux,,6749208.0,100000.0,Equipement / B- Travaux routiers et voirie urbaine / B.1- Travaux de terrassements routiers courants / Classe 3 Equipement / B- Travaux routiers et voirie urbaine / B.3- Ouvrages d'assainissement routiers et traitement de l'environnement / Classe 3 Equipement / B- Travaux routiers et voirie urbaine / B.5- Assises non traitées et enduits superficiels / Classe 3,,False,False
965985,j0w,1,,Travaux,,3051780.0,60000.0,Equipement / B- Travaux routiers et voirie urbaine / B.1- Travaux de terrassements routiers courants / Classe 4 Equipement / B- Travaux routiers et voirie urbaine / B.3- Ouvrages d'assainissement routiers et traitement de l'environnement / Classe 4 Equipement / B- Travaux routiers et voirie urbaine / B.5- Assises non traitées et enduits superficiels / Classe 4,,False,False
966010,d4q,1,,Travaux,,999600.0,10000.0,,,False,False
966018,d4q,1,,Fournitures,,600000.0,6000.0,,,False,True
966023,d4q,1,,Fournitures,,14400000.0,14400.0,,,False,True
966035,d4q,1,,Travaux,,4500000.0,45000.0,,,False,False
966067,g3h,1,,Services,,840000.0,10000.0,,,False,False
966069,q9t,1,"Défibrillateur / PRIMEDIC / DEFIMONITOR EVO,ECLAIRAGE OPERATOIRE PLAFONNIER / SIMEON,MONITEUR MULTIPARAMETRIQUE,RESPIRATEUR D'ANESTHESIE,UNITE ELECTRO CHIRURGICALE",Services,,836400.0,15000.0,,,False,False
966069,q9t,2,ANGIOGRAPHE OPHTALMIQUE;BIOMETRE OCCULAIRE;CHAMP VISUEL;ELECTROMYOGRAPHE;ELECTROMYOGRAPHE;APPAREIL D ELECTROSTIMULATION;LASER ARGON;SPIROMETRE;TOMOGRAPHE;DEBIMETRE SPIROMETRE PORTABLETOMOGRAPHE A COHERENCE OPTIQUE,Services,,298800.0,5000.0,,,False,False
966069,q9t,3,ARMOIRE DE STOCKAGE MULTIRISQUE;AUTOMATE;Automate chimie et immunoanalyse;Extracteur;MICROSCOPE ;Microtome;Table de macroscopie,Services,,388800.0,7000.0,,,False,False
966069,q9t,4,AMPLIFICATEUR DE BRILLANCE;Echographe;Numériseur multicassette;REPROGRAPHE;,Services,,493200.0,9000.0,,,False,False
966073,g3h,1,,Services,,840000.0,10000.0,,,False,False
966082,d4q,1,,Fournitures,,595200.0,0.0,,,False,False
966084,f9f,1,,Travaux,,7576740.0,150000.0,Equipement / B- Travaux routiers et voirie urbaine / B.6- Assises traitées et enrobés à chaud / Classe 4,,False,False
966131,f9f,1,,Travaux,,802680.0,16053.6,,,False,True
966153,p8x,1,,Services,,2500000.0,0.0,,,False,False
966156,p8x,1,,Services,,2500000.0,0.0,,,False,False
966199,f8y,1,,Travaux,,947274.0,15000.0,Equipement / O- Revetements / O.1- Travaux de revêtements courants / Classe 3,,False,True
966203,q9t,1,,Services,,332555568.0,60000.0,,,False,False
966221,f8y,1,,Fournitures,,407160.0,7000.0,,,False,True
966232,g3h,1,,Travaux,,572820.0,10000.0,Equipement / J- Electricite / J.6- Réalisation de réseau électrique MT et transformation MT-BT et réseaux basse tension / Classe 4,,False,True
966238,f8y,1,,Travaux,,386742.0,6000.0,Equipement / A- Construction / A.2- Travaux courants en béton armé-maçonnerie pour bâtiment / Classe 5,,False,False
966250,g3h,1,,Fournitures,,3334652.0,43000.0,,,True,False
966267,o8p,1,,Fournitures,,6157440.0,30000.0,,,False,False
966272,f8y,1,,Travaux,,1275840.0,20000.0,Equipement / B- Travaux routiers et voirie urbaine / B.11- Travaux de dallage et bétonnage de la voirie urbaine / Classe 5 Equipement / I- Equipements hydromecaniques - Traitement d'eau potable - Automatisme / I.4- Travaux d’installation des équipements hydro-électromécaniques pour ouvrages hydrauliques / Classe 4,,False,False
966273,o8p,1,,Fournitures,,3960000.0,20000.0,,,False,False
966274,j8k,1,,Services,,429600000.0,0.0,,,False,False
966301,q9t,1,,Services,,12138587.13,200000.0,,,False,False
966320,l1f,1,,Travaux,,6793602.0,130000.0,,,False,False
966363,g3h,1,"Fourniture, pose et raccordement des deux liaisons HTB 63 kV Oulad Haddou - Yacoub El Mansour",Travaux,,38012400.0,490000.0,,,True,False
966363,g3h,2,"Fourniture, pose et raccordement de la liaison HTB 63 kV Yacoub El Mansour - ADE",Travaux,,13110000.0,170000.0,,,True,False
966375,o8p,1,,Travaux,,46576992.0,800000.0,Equipement / J- Electricite / J.1- Travaux d'installation électrique pour usage interne / Classe 2 Equipement / O- Revetements / O.1- Travaux de revêtements courants / Classe 1,,False,False
966383,o8p,1,,Travaux,,3625356.0,50000.0,,,False,False
966384,o8p,1,,Services,,6024000.0,0.0,,,False,False
966405,g8e,1,,Services,,2400000.0,0.0,,,False,False
966418,j8k,1,,Travaux,,27161763.73,377000.0,Equipement / B- Travaux routiers et voirie urbaine / B.6- Assises traitées et enrobés à chaud / Classe 1 Equipement / C- Eau potable - Assainissement - Conduites / C.1- Réseaux de conduites sous pression de petit diamètre inférieur ou égal à 400 mm et ouvrages annexes / Classe 2 Equipement / C- Eau potable - Assainissement - Conduites / C.3- Travaux courants de réseaux d’assainissement et ouvrages annexes / Classe 2 Habitat / 2 Travaux De Voirie / 2.2 Sans objet. / Classe 5 Habitat / 3 Assainissement - Pose de conduites / 3.1 Travaux simples d'assainissement - conduites et ouvrages annexes. / Classe 3 Habitat / 5 Eau Potable / 5.1 Travaux courants d'adduction d'eau potable. / Classe 3,,False,False
966424,g3h,1,,Fournitures,,1200000.0,15000.0,,,True,False
966426,s3d,1,,Services,,450000.0,9000.0,,D21- Sécurité contre l'incendie dans les constructions,False,False
966427,s3d,1,,Services,,2800000.0,48000.0,,"D14- Calcul de structures pour bâtiments à tous usages D15- Courant fort et courant faible pour bâtiments à tous usages D16- Réseaux des fluides pour bâtiments à tous usages D17- Voirie, réseaux d'assainissement et eau potable D18- Réseaux d'électricité basse et moyenne tension, réseaux téléphoniques et éclairage public",False,False
966438,d0q,1,Local commercial N° : 50,Services,Local commercial N° : 50,500.0,1000.0,,,False,True
966438,d0q,2,Local commercial N° : 52,Services,Local commercial N° : 52,500.0,1000.0,,,False,True
966446,d4q,1,,Travaux,,1972400.0,20000.0,,,False,False
966447,a1t,1,,Travaux,,502437.6,6000.0,,,False,False
966449,a1t,1,,Travaux,,1403478.0,28000.0,,,False,False
966452,a1t,1,,Travaux,,1297124.52,25000.0,,,False,False
966455,o8p,1,,Travaux,,44814000.0,560200.0,,,False,False
966463,g3h,1,Fourniture des Nourrices pour Regard Sous Trottoir,Fournitures,,1733490.0,22000.0,,,True,False
966463,g3h,2,Fourniture des Nourrices pour Façade,Fournitures,,2096174.4,27000.0,,,True,False
966463,g3h,3,Fourniture de Tabernacles En Plastique,Fournitures,,219000.0,2800.0,,,True,False
966472,d4q,1,,Fournitures,,7200000.0,60000.0,,,False,False
966489,g3h,1,,Fournitures,,3877200.0,50000.0,,,True,False
966498,j8k,1,,Services,,600000.0,9000.0,,,False,False
966522,g3h,1,,Services,,825000.0,10500.0,,,True,False
966536,z9k,1,,Services,,127104.0,2500.0,,,False,False
966550,f4g,1,,Travaux,,2922852.49,55000.0,Equipement / A- Construction / A.2- Travaux courants en béton armé-maçonnerie pour bâtiment / Classe 4,,False,False
966556,p1v,1,,Travaux,,554950.8,10000.0,Equipement / O- Revetements / O.2- Travaux de revêtements spéciaux / Classe 3,,False,False
966566,f4g,1,,Services,,56340.0,1100.0,Laboratoires / ETUDES GEOTECHNIQUES / ETUDES GEOTECHNIQUES DES BATIMENTS COURANTS / Classe 4 Laboratoires / CONTROLE DE QUALITE / CONTROLE DES TRAVAUX DE BATIMENTS COURANTS / Classe 4 Laboratoires / CONTROLE DE QUALITE / CONTROLE DES TRAVAUX DES LOTS SECONDAIRES DES BATIMENTS / Classe 4,,False,False
966571,g3h,1,,Fournitures,,1001748.0,19000.0,,,False,True
966576,g3h,1,,Services,,840000.0,10000.0,,,False,False
966585,o3f,1,,Travaux,,20125866.0,302000.0,,,False,False
966592,g3h,1,,Fournitures,,965250.0,19000.0,,,False,False
966593,g3h,1,,Travaux,,1912200.0,20000.0,,,False,False
966614,q9t,1,,Services,,500400.0,7500.0,,,False,False
966631,j0w,1,,Travaux,,4382823.84,87000.0,,,False,False
966643,d4q,1,,Travaux,,10499970.0,105000.0,,,False,False
966667,g3h,1,Fourniture de tableaux et accéssoires pour l'éclairage public,Fournitures,,2623140.0,34000.0,,,True,False
966667,g3h,2,Fourniture de fusibles BT,Fournitures,,51840.0,700.0,,,True,False
966677,g3h,1,,Services,,840000.0,11000.0,,,True,False
966700,g3h,1,Aménagement du poste source 60/22KV Ouled Azzouz relevant de la Direction Provinciale de Nouaceur,Travaux,,3010920.0,30000.0,,,True,False
966700,g3h,2,Aménagement du poste répartiteur d’Alazhar,Travaux,,1966728.0,20000.0,,,True,False
966714,d4q,1,,Services,,295000.0,3000.0,,,False,True
966743,a2a,1,,Services,,3000000.0,0.0,,,False,False
966755,d4q,1,,Fournitures,,2400000.0,24000.0,,,False,True
966781,g3h,1,,Travaux,,20075088.0,320000.0,,,False,False
966785,g3h,1,Prestation d’édition des factures DPP Périmètre EX LYDEC,Services,,3643200.0,47000.0,,,False,False
966785,g3h,2,Prestation d’édition des factures Direction Provinciale Benslimane,Services,,770880.0,10000.0,,,True,False
966785,g3h,3,Prestation d’édition des factures Direction provinciale Berrechid,Services,,1655760.0,21000.0,,,False,False
966785,g3h,4,Prestation d’édition des factures Direction provinciale Mediouna,Services,,702576.0,9000.0,,,False,False
966785,g3h,5,Prestation d’édition des factures Direction provinciale Nouaceur,Services,,1481856.0,19000.0,,,True,False
966785,g3h,6,Prestation d’édition des factures Direction provinciale Settat,Services,,978276.0,12000.0,,,True,False
966785,g3h,7,Prestation d’édition des factures Direction préfectorale Aïn Chock Hay Hassani,Services,,818611.2,10000.0,,,False,False
966785,g3h,8,Prestation d’édition des factures Direction Préfectorale Aïn Sebaa Bernoussi,Services,,345168.0,4000.0,,,False,False
966785,g3h,9,Prestation d’édition des factures Direction Préfectorale Mohammedia,Services,,510168.0,6000.0,,,True,False
966806,q1s,1,,Travaux,,2132239.2,40000.0,Agriculture / Aménagement de pistes agricoles et rurales / 7.1.Aménagement de pistes agricoles et rurales / Classe 4,,False,False
966807,g3h,1,"Périmètre de gestion la Direction Provinciale SRM-CS « MEDIOUNA » : Province MEDIOUNA, Province BENSLIMANE, Préfecture d’Arrondissements BMSOMR (partie gérée par Ex ONEE), Préfecture d’Arrondissements SIDI BERNOUSSI (partie gérée par Ex ONEE) ; Préfecture Mohammedia (partie gérée par Ex ONEE)",Travaux,,7177482.0,93000.0,,,False,False
966807,g3h,2,Périmètre de gestion la Direction Provinciale SRM-CS « SETTAT » : Province SETTAT,Travaux,,5999505.6,78000.0,,,True,False
966807,g3h,3,Périmètre de gestion la Direction Provinciale SRM-CS « BERRECHID » : Province Berrechid,Travaux,,3643756.44,47000.0,,,True,False
966807,g3h,4,Périmètre de gestion la Direction Provinciale SRM-CS « SIDI BENNOUR »,Travaux,,3599893.68,46000.0,,,True,False
966807,g3h,5,Périmètre de gestion la Direction Provinciale SRM-CS «Ben Slimane»,Travaux,,4698252.0,61000.0,,,True,False
966811,q1s,1,"Lot 1 : Construction des canaux d’irrigation dans la plaine du Tafilalet, province d’Errachidia.",Travaux,,4733340.0,90000.0,Agriculture / Travaux de séguia et de pose de canaux portés / 4.1.Travaux de séguia et khettara / Classe 3,,False,True
966811,q1s,2,"Lot 2 : construction des canaux d’irrigation dans la Vallée de Ziz, province d’Errachidia.",Travaux,,2073000.0,40000.0,,,False,True
966811,q1s,3,"Lot 3 : Construction des canaux d’irrigation dans le Périmètre Ansegmir, province de Midelt.",Travaux,,2678400.0,50000.0,Agriculture / Travaux de séguia et de pose de canaux portés / 4.1.Travaux de séguia et khettara / Classe 3,,False,True
966815,q9t,1,,Services,,397200.0,7500.0,,,False,True
966816,q1s,1,"Lot 1 : Entretien des réseaux d’irrigation dans la plaine du Tafilalet, Province d'Errachidia.",Travaux,,1420800.0,27000.0,Agriculture / Travaux de séguia et de pose de canaux portés / 4.1.Travaux de séguia et khettara / Classe 4,,False,True
966816,q1s,2,"Lot 2 : Entretien des réseaux d’irrigation dans la Vallée du Ziz, Province d'Errachidia.",Travaux,,527400.0,10000.0,Agriculture / Travaux de séguia et de pose de canaux portés / 4.1.Travaux de séguia et khettara / Classe 5,,False,True
966816,q1s,3,"Lot 3 : Entretien des réseaux d’irrigation dans le périmètre Ansegmir, Province de Midelt.",Travaux,,1642200.0,30000.0,Agriculture / Travaux de séguia et de pose de canaux portés / 4.1.Travaux de séguia et khettara / Classe 4,,False,True
966819,d4q,1,,Services,,4834532.37,50000.0,,,False,False
966821,d4q,1,,Travaux,,1800948.0,18000.0,,,False,False
966825,q1s,1,"LOT 1 : Réhabilitation des canaux d’irrigation dans la Plaine du Tafilalet, Province d’Errachidia.",Travaux,,2661348.0,50000.0,Agriculture / Travaux de séguia et de pose de canaux portés / 4.1.Travaux de séguia et khettara / Classe 3,,False,True
966825,q1s,2,"LOT 2 : Réhabilitation des canaux d’irrigation dans la Vallée du Ziz, Province d’Errachidia.",Travaux,,2135400.0,40000.0,Agriculture / Travaux de séguia et de pose de canaux portés / 4.1.Travaux de séguia et khettara / Classe 4,,False,True
966825,q1s,3,"LOT 3 : Réhabilitation des canaux d’irrigation dans le périmètre Ansgmir, Povince de Midelt.",Travaux,,884820.0,15000.0,Agriculture / Travaux de séguia et de pose de canaux portés / 4.1.Travaux de séguia et khettara / Classe 5,,False,True
966845,p8x,1,,Services,,151992.0,0.0,,,False,False
966850,d4q,1,,Travaux,,6600000.0,66000.0,,,False,False
966859,o8p,1,,Travaux,,103572000.0,2071440.0,Equipement / E- Travaux maritimes et fluviaux / E.11- Dragages portuaires / Classe 1,,False,False
966861,d4q,1,,Travaux,,960000.0,9600.0,,,False,True
966872,d4q,1,,Travaux,,2499600.0,24996.0,,,False,False
966874,o8p,1,,Services,,1425600.0,21400.0,,,False,False
966888,p8x,1,,Services,,15199194.0,0.0,,,False,False
966912,g3h,1,,Travaux,,57195840.0,1143000.0,,,False,False
966919,d4q,1,,Travaux,,1200000.0,12000.0,,,False,False
966923,p8x,1,,Services,,151992.0,0.0,,,False,False
966927,g3h,1,,Travaux,,6805602.6,136000.0,,,False,False
966930,g3h,1,,Travaux,,11955801.6,239000.0,,,False,False
966931,g3h,1,,Fournitures,,1409772.0,28000.0,,,False,False
966935,p8x,1,,Services,,182400.0,0.0,,D14- Calcul de structures pour bâtiments à tous usages D15- Courant fort et courant faible pour bâtiments à tous usages D16- Réseaux des fluides pour bâtiments à tous usages,False,False
966946,d0q,1,,Travaux,,697200.0,13900.0,Equipement / B- Travaux routiers et voirie urbaine / B.1- Travaux de terrassements routiers courants / Classe 5,,False,False
966948,q9t,1,"Groupes électrogènes, onduleur et postes de transformations électriques.",Services,,115200.0,2304.0,,,False,False
966948,q9t,2,chambres froides,Services,,91200.0,1824.0,,,False,False
966949,j8k,1,,Travaux,,5780700.0,90000.0,Equipement / J- Electricite / J.4- Travaux d'éclairage public / Classe 2 Habitat / 4 travaux d'électrification / 4.1 Réalisation de réseau électrique : M et B tension / Classe 4,,False,False
966967,o8p,1,,Travaux,,73862400.0,1477248.0,Equipement / E- Travaux maritimes et fluviaux / E.14- Dévasage portuaire / Classe 1,,False,False
967008,t5y,1,,Fournitures,,3464160.0,69000.0,,,False,False
967009,b5j,1,,Travaux,,600000.0,11000.0,,"D3. Hydraulique urbaine D14- Calcul de structures pour bâtiments à tous usages D15- Courant fort et courant faible pour bâtiments à tous usages D16- Réseaux des fluides pour bâtiments à tous usages D17- Voirie, réseaux d'assainissement et eau potable D18- Réseaux d'électricité basse et moyenne tension, réseaux téléphoniques et éclairage public",False,False
967016,g3h,1,36 autobus de longueur 12 mètres de motorisation diesel à minima euro v – plancher bas (low entry) ;,Fournitures,,92754720.0,1800000.0,,,False,False
967016,g3h,2,60 autobus de longueur 12 mètres de motorisation diesel à minima euro v – plancher bas integral (low floor) ;,Fournitures,,154591200.0,3000000.0,,,False,False
967016,g3h,3,30 autobus de longueur 18 mètres de motorisation diesel à minima euro v – plancher bas intégral (low floor).,Fournitures,,115092000.0,2300000.0,,,False,False
967028,z6n,1,,Services,,4478409.6,85000.0,,,False,False
967040,t5y,1,,Fournitures,,4059720.0,81000.0,,,False,False
967047,p8x,1,Lot 1 : le Lycée qualifiant El Khouarizmy,Services,,2989360.0,56700.0,,,False,False
967047,p8x,2,Lot 2 : le Lycée Collégial Al Andalous,Services,,253638.0,5040.0,,,False,False
967048,g3h,1,,Travaux,,24000000.0,360000.0,,,False,False
967081,p8x,1,,Services,,5175882.62,100000.0,,,False,False
967099,y6u,1,,Services,,450000.0,9000.0,,,False,False
967116,j8k,1,,Travaux,,17634854.88,200000.0,,,False,False
967117,d4q,1,,Services,,180000.0,3000.0,,,False,False
967119,o8p,1,,Fournitures,,8062616.4,121000.0,,,False,False
967123,d4q,1,,Services,,240000.0,3000.0,,,False,False
967124,w7t,1,"Acquisition, installation et mise en service de deux bornes interactives",Fournitures,"Acquisition, installation et mise en service de deux bornes interactives",300000.0,6000.0,,,False,False
967124,w7t,2,"Acquisition, installation, paramétrage et mise en service d’une solution de gestion des ventes, incluant le matériel et le logiciel associés.",Fournitures,"Acquisition, installation, paramétrage et mise en service d’une solution de gestion des ventes, incluant le matériel et le logiciel associés.",528000.0,10000.0,,,False,False
967135,d4q,1,,Services,,84000.0,0.0,,,False,True
967151,f8y,1,,Travaux,,14802707.94,250000.0,Equipement / A- Construction / A.2- Travaux courants en béton armé-maçonnerie pour bâtiment / Classe 3,,False,False
967182,q1s,1,,Services,,468042.62,8000.0,,,False,True
967191,q1s,1,,Services,,100080.0,1800.0,,,False,True
967199,q1s,1,,Services,,110764.8,2000.0,,,False,True
967210,q1s,1,Produits Antiparasitaires internes.,Fournitures,,547840.0,10000.0,,,False,True
967210,q1s,2,Produits Antiparasitaires à usage externe à base d’organophosphorés.,Fournitures,,642000.0,10000.0,,,False,True
967210,q1s,3,Produits Antiparasitaires endo-ectocides injectables.,Fournitures,,802500.0,15000.0,,,False,True
967210,q1s,4,"Vaccin polyvalent contre les entérotoxémies, pasteurellose et colibacillose.",Fournitures,,976000.0,15000.0,,,False,True
967219,d4q,1,Direction Régionale de production Tanger Tétouan Al Hoceima,Fournitures,,35409600.0,354000.0,,,False,False
967219,d4q,2,Direction Régionale de production Casablanca Settat (Daourat),Fournitures,,18463200.0,184600.0,,,False,False
967219,d4q,3,Direction Régionale de Production Casablanca Settat (Bouregreg),Fournitures,,61125600.0,611000.0,,,False,False
967237,d4q,1,,Travaux,,20552364.0,205600.0,,,False,False
967240,q1s,1,Opération d’identification des camelins relevant des Provinces de Laayoune,Services,,772800.0,15000.0,,,False,True
967240,q1s,2,Opération d’identification des camelins relevant des Provinces de Tarfaya,Services,,386400.0,7000.0,,,False,True
967240,q1s,3,Opération d’identification des camelins relevant des Provinces de Boujdour,Services,,289800.0,5000.0,,,False,True
967240,q1s,4,Opération d’identification des camelins relevant des Provinces d’Es-Smara,Services,,115920.0,2000.0,,,False,True
967243,o8p,1,,Services,,158400.0,3000.0,,,False,True
967254,d4q,1,,Fournitures,,7172065.0,100000.0,,,False,False
967264,a1z,1,,Services,,1203108.0,20000.0,,,False,False
967265,o8p,1,Lot n°1 : Acquisition et installation des équipements « Système »,Services,- Infrastructure Hyper Convergée HCI - Stockage S3 pour le stockage persistent - Switch d’interconnexion - Solution logicielle de Sauvegarde pour la plateforme de virtualisation - Robot de sauvegarde - Serveur d’administration du robot,13313954.4,160000.0,,,False,False
967265,o8p,2,Acquisition et installation des équipements « Réseau »,Services,- Switch Backbone - Switch Fédérateur 24 Ports - Switch Fédérateur 48 Ports - Switch d’accès (POE) Type 1,4634370.0,55000.0,,,False,False
967265,o8p,3,Acquisition et installation des équipements « Sécurité »,Services,- Pare-feu Frontale 2 - Pare-feu Dorsal 4 - Solution de sécurité EDR/XDR 1 - Solution Gestion de la Traçabilité des accès Administrateurs (PAM) 1 - Solution de Gestion des Accès des Applications (MFA) 1 - Solution de Gestion de la Gouvernance des accès (IAG) 1 - Solution de Sécurité des Applications WEB (WAF) 1 - Solution de Cyber Threat Intelligence (CTI) 1 - Solution Gestion et Corrélation de Logs (SIEM -,0.0,195000.0,,,False,False
967265,o8p,4,Acquisition et installation d’une solution de gestion des accès WIFI des Hôtels et Bâtiments du Complexe Mohamed VI,Services,- Solution de gestion des accès wifi 1 - Contrôleur WIFI 2 3- Points d’accès,3753220.8,45000.0,,,False,False
967297,t5y,1,,Services,,180000.0,3600.0,,"D14- Calcul de structures pour bâtiments à tous usages D15- Courant fort et courant faible pour bâtiments à tous usages D16- Réseaux des fluides pour bâtiments à tous usages D17- Voirie, réseaux d'assainissement et eau potable",False,False
967301,f4g,1,,Travaux,,0.0,90000.0,Equipement / A- Construction / A.2- Travaux courants en béton armé-maçonnerie pour bâtiment / Classe 3,,False,False
967328,f4g,1,,Travaux,,0.0,60000.0,Equipement / A- Construction / A.2- Travaux courants en béton armé-maçonnerie pour bâtiment / Classe 4,,False,False
967340,o4d,1,,Services,,780000.0,15000.0,,,False,False
967341,f9f,1,,Travaux,,16238361.6,293000.0,,,False,False
967345,f9f,1,,Services,,150000.0,2700.0,,,False,False
967352,o4d,1,,Services,,564000.0,11000.0,,,False,False
967354,j8k,1,,Travaux,,43463218.8,660000.0,Habitat / 9 Gros-oeuvre / 9.1 Travaux courant en béton armé et maçonnerie. / Classe 6 Equipement / A- Construction / A.2- Travaux courants en béton armé-maçonnerie pour bâtiment / Classe 1,,False,False
967356,f9f,1,,Services,,240000.0,4300.0,,,False,False
967357,f9f,1,,Travaux,,9215689.2,166000.0,,,False,False
967358,j8k,1,,Travaux,,64626250.8,960000.0,Habitat / 9 Gros-oeuvre / 9.1 Travaux courant en béton armé et maçonnerie. / Classe 6 Equipement / A- Construction / A.2- Travaux courants en béton armé-maçonnerie pour bâtiment / Classe S,,False,False
967359,f9f,1,,Travaux,,2263884.0,41000.0,,,False,False
967362,f9f,1,,Travaux,,2205738.0,40000.0,,,False,False
967364,f9f,1,,Travaux,,2271012.0,40000.0,,,False,False
967367,f9f,1,,Travaux,,1132000.0,21000.0,,,False,False
967382,p1v,1,,Travaux,,8385180.0,160000.0,Equipement / B- Travaux routiers et voirie urbaine / B.1- Travaux de terrassements routiers courants / Classe 3 Equipement / B- Travaux routiers et voirie urbaine / B.3- Ouvrages d'assainissement routiers et traitement de l'environnement / Classe 3 Equipement / B- Travaux routiers et voirie urbaine / B.5- Assises non traitées et enduits superficiels / Classe 3,,False,False
967383,p1v,1,,Travaux,,9598200.0,180000.0,Equipement / B- Travaux routiers et voirie urbaine / B.1- Travaux de terrassements routiers courants / Classe 3 Equipement / B- Travaux routiers et voirie urbaine / B.3- Ouvrages d'assainissement routiers et traitement de l'environnement / Classe 3 Equipement / B- Travaux routiers et voirie urbaine / B.5- Assises non traitées et enduits superficiels / Classe 3,,False,False
967386,g8e,1,,Services,,2783310.07,28000.0,,,False,False
967387,d4q,1,,Services,,2400000.0,24000.0,,,False,True
967388,d4q,1,,Travaux,,11000400.0,110100.0,,,False,True
967402,q1s,1,,Travaux,,1195200.0,23000.0,,,False,False
967430,i1t,1,,Travaux,,24635400.6,700000.0,Equipement / B- Travaux routiers et voirie urbaine / B.1- Travaux de terrassements routiers courants / Classe 2 Equipement / B- Travaux routiers et voirie urbaine / B.3- Ouvrages d'assainissement routiers et traitement de l'environnement / Classe 2 Equipement / B- Travaux routiers et voirie urbaine / B.4- Travaux de terrassements et ouvrages d'assainissement sur la voirie urbaine / Classe 2 Equipement / B- Travaux routiers et voirie urbaine / B.6- Assises traitées et enrobés à chaud / Classe 2,,False,False
967431,j0w,1,,Services,,61500.0,270000.0,,,False,False
967443,d4q,1,,Travaux,,12999600.0,130000.0,,,False,False
967444,i1t,1,,Services,,250000.0,70000.0,,,False,False
967445,j8k,1,,Travaux,,3851316.0,55000.0,Habitat / 2 Travaux De Voirie / 2.3 Travaux d'assainissement de voirie. / Classe 3 Equipement / B- Travaux routiers et voirie urbaine / B.11- Travaux de dallage et bétonnage de la voirie urbaine / Classe 3,,False,False
967452,d4q,1,,Fournitures,,1200000.0,12000.0,,,False,False
967477,d4q,1,,Travaux,,200000.0,3000.0,,,False,True
967480,x6c,1,,Fournitures,,540000.0,8100.0,,,False,False
967493,d4q,1,,Travaux,,193200.0,3000.0,,,False,True
967503,q1s,1,,Fournitures,,54000.0,1000.0,,,False,True
967505,k2q,1,,Services,,3243900.0,60000.0,Laboratoires / CONTROLE DE QUALITE / CONTROLE DES TRAVAUX DES GRANDS BARRAGES / Classe 1,,False,False
967507,o8p,1,,Services,,4975200.0,74000.0,,,False,False
967508,q1s,1,,Services,,2831400.0,30000.0,,,False,False
967511,a1t,1,,Services,,151200.0,3000.0,,,False,False
967512,q1s,1,,Services,,90000.0,1800.0,,,False,True
967514,j8k,1,,Travaux,,1556184.0,25000.0,Habitat / 2 Travaux De Voirie / 2.3 Travaux d'assainissement de voirie. / Classe 2 Equipement / B- Travaux routiers et voirie urbaine / B.11- Travaux de dallage et bétonnage de la voirie urbaine / Classe 4,,False,False
967533,u6i,1,"Ravitaillement des navires hauturiers de l’INRH en gasoil 10 PPM dédouané au niveau des ports d’attaches et ports d’escales suivants : Nador, Tanger, Casablanca, Jorf Lasfer, Safi, Agadir et Tan-Tan",Fournitures,"Ravitaillement des navires hauturiers de l’INRH en gasoil 10 PPM dédouané au niveau des ports d’attaches et ports d’escales suivants : Nador, Tanger, Casablanca, Jorf Lasfer, Safi, Agadir et Tan-Tan",18480000.0,300000.0,,,False,False
967533,u6i,2,Ravitaillement des navires hauturiers de l’INRH en gasoil 10 PPM dédouané au niveau des ports de Laayoune et Dakhla,Fournitures,Ravitaillement des navires hauturiers de l’INRH en gasoil 10 PPM dédouané au niveau des ports de Laayoune et Dakhla,4620000.0,90000.0,,,False,False
967533,u6i,3,"Ravitaillement des navires hauturiers de l’INRH en huiles moteurs diesels marins multifonctionnelles et huiles hydrauliques au niveau des ports d’attaches et d’escales suivants : Nador, Tanger, Casablanca, Jorf Lasfer, Safi, Agadir, Tan-Tan",Fournitures,"Ravitaillement des navires hauturiers de l’INRH en huiles moteurs diesels marins multifonctionnelles et huiles hydrauliques au niveau des ports d’attaches et d’escales suivants : Nador, Tanger, Casablanca, Jorf Lasfer, Safi, Agadir, Tan-Tan",1763280.0,35000.0,,,False,False
967533,u6i,4,"Ravitaillement des navires hauturiers de l’INRH en lubrifiants pour treuils, boites d’engrenages et compresseurs ; et en graisses au niveau des ports d’attaches et d’escales suivants : Nador, Tanger, Casablanca, Jorf Lasfer, Safi, Agadir et Tan-Tan",Fournitures,"Ravitaillement des navires hauturiers de l’INRH en lubrifiants pour treuils, boites d’engrenages et compresseurs ; et en graisses au niveau des ports d’attaches et d’escales suivants : Nador, Tanger, Casablanca, Jorf Lasfer, Safi, Agadir et Tan-Tan",355368.0,5000.0,,,False,False
967533,u6i,5,"Ravitaillement des navires côtiers de l’INRH en gasoil 10 PPM dédouané dans les ports d’attaches et ports d’escales suivants : Larache, Tanger, M’diq, Al Hoceima, Nador, Jebha, Ras Kebdana, Casablanca, El Jadida, Mehdia, Essaouira, Safi, Agadir, Sidi Ifni, Tan-Tan, Boujdour, Laayoune, Tarfaya, Dakhla",Fournitures,"Ravitaillement des navires côtiers de l’INRH en gasoil 10 PPM dédouané dans les ports d’attaches et ports d’escales suivants : Larache, Tanger, M’diq, Al Hoceima, Nador, Jebha, Ras Kebdana, Casablanca, El Jadida, Mehdia, Essaouira, Safi, Agadir, Sidi Ifni, Tan-Tan, Boujdour, Laayoune, Tarfaya, Dakhla",5906092.5,100000.0,,,False,False
967533,u6i,6,"Ravitaillement des navires côtiers de l’INRH en lubrifiants et graisses au niveau des ports d’attaches et d’escales suivants : Larache, Tanger, M’diq, Al Hoceima, Nador, Jebha, Ras Kebdana, Casablanca, El Jadida, Mehdia, Essaouira, Safi, Agadir, Sidi Ifni, Tan-Tan, Boujdour, Laayoune, Tarfaya, Dakhla",Fournitures,"Ravitaillement des navires côtiers de l’INRH en lubrifiants et graisses au niveau des ports d’attaches et d’escales suivants : Larache, Tanger, M’diq, Al Hoceima, Nador, Jebha, Ras Kebdana, Casablanca, El Jadida, Mehdia, Essaouira, Safi, Agadir, Sidi Ifni, Tan-Tan, Boujdour, Laayoune, Tarfaya, Dakhla",142560.0,2000.0,,,False,False
967543,j8k,1,,Travaux,,10260114.0,160000.0,Habitat / 2 Travaux De Voirie / 2.2 Sans objet. / Classe 4 Habitat / 3 Assainissement - Pose de conduites / 3.1 Travaux simples d'assainissement - conduites et ouvrages annexes. / Classe 3 Equipement / B- Travaux routiers et voirie urbaine / B.6- Assises traitées et enrobés à chaud / Classe 3 Equipement / C- Eau potable - Assainissement - Conduites / C.3- Travaux courants de réseaux d’assainissement et ouvrages annexes / Classe 3,,False,False
967550,g3h,1,,Travaux,,1038300.0,15000.0,Equipement / I- Equipements hydromecaniques - Traitement d'eau potable - Automatisme / I.3- Travaux de fabrication de matériels hydro-électromécaniques pour ouvrages hydrauliques / Classe 4 Equipement / I- Equipements hydromecaniques - Traitement d'eau potable - Automatisme / I.4- Travaux d’installation des équipements hydro-électromécaniques pour ouvrages hydrauliques / Classe 4,,False,False
967553,d4q,1,,Travaux,,240000.0,3000.0,,,False,False
967556,g3h,1,,Services,,252000.0,3000.0,,,False,False
967558,f9f,1,,Travaux,,2010000.0,40000.0,Equipement / A- Construction / A.6- Travaux de construction des réservoirs courants en béton armé de capacité inférieure ou égale à 1000 m3 / Classe 5 Equipement / C- Eau potable - Assainissement - Conduites / C.1- Réseaux de conduites sous pression de petit diamètre inférieur ou égal à 400 mm et ouvrages annexes / Classe 4,,False,True
967559,d4q,1,,Travaux,,600000.0,6000.0,,,False,True
967561,f4g,1,,Travaux,,4082400.0,60000.0,Equipement / A- Construction / A.2- Travaux courants en béton armé-maçonnerie pour bâtiment / Classe 4,,False,False
967567,d4q,1,,Travaux,,1333200.0,13400.0,,,False,True
967570,d4q,1,,Services,,1500000.0,15000.0,,,False,True
967572,d4q,1,,Travaux,,5400000.0,54000.0,,,False,False
967586,j8k,1,,Services,,1430280.0,18000.0,,,False,False
967587,d4q,1,,Travaux,,1997300.0,20000.0,,,False,True
967590,d4q,1,,Travaux,,18718000.0,200000.0,,,False,False
967597,j8k,1,,Services,,14400000.0,0.0,,,False,False
967603,h5r,1,VENTE DU BOIS D'ARBRES ARRACHEES,Services,,7000.0,500.0,,,False,False
967603,h5r,2,VENTE DES OUTILS ET EQUIPEMENTS USAGEES,Services,,9000.0,800.0,,,False,False
967608,q1s,1,,Travaux,,796800.0,15000.0,Agriculture / Matériel hydromécanique / 8.1.Travaux d'installation de matériel hydromécanique / Classe 4,,False,False
967621,f9f,1,,Travaux,,1041840.0,20000.0,Equipement / A- Construction / A.6- Travaux de construction des réservoirs courants en béton armé de capacité inférieure ou égale à 1000 m3 / Classe 5 Equipement / C- Eau potable - Assainissement - Conduites / C.1- Réseaux de conduites sous pression de petit diamètre inférieur ou égal à 400 mm et ouvrages annexes / Classe 4,,False,True
967622,q1s,1,,Services,,179520.0,3500.0,,,False,False
967634,d4q,1,,Fournitures,,1018080.0,20000.0,,,False,False
967636,d4q,1,,Travaux,,96000000.0,960000.0,,,False,False
967637,g3h,1,,Travaux,,119057545.8,2000000.0,Equipement / A- Construction / A.4- Travaux exceptionnels en béton armé pour bâtiment / Classe S Equipement / L- Menuiserie - Charpente / L.4- Menuiserie aluminium / Classe 1 Equipement / L- Menuiserie - Charpente / L.8- Charpente métallique / Classe 1,,False,False
967645,q1s,1,,Services,,3583008.0,60000.0,,,False,False
967648,o8p,1,,Fournitures,,21607940.53,324200.0,,,False,False
967655,g3h,1,,Services,,1281696.0,25600.0,,,False,False
967664,g3h,1,,Services,,930000.0,18600.0,,,False,True
967667,q1s,1,,Travaux,,500000.0,8000.0,,,False,False
967675,g8e,1,,Travaux,,24530187.0,350000.0,Equipement / J- Electricite / J.4- Travaux d'éclairage public / Classe 1 Equipement / J- Electricite / J.6- Réalisation de réseau électrique MT et transformation MT-BT et réseaux basse tension / Classe 1,,False,False
967677,d0q,1,,Services,,360000.0,6000.0,,D5. Ouvrages d'art,False,False
967678,g8e,1,,Services,,216000.0,3000.0,,D14- Calcul de structures pour bâtiments à tous usages D15- Courant fort et courant faible pour bâtiments à tous usages D16- Réseaux des fluides pour bâtiments à tous usages,False,False
967679,g3h,1,,Services,,3841800.0,76000.0,,,False,False
967680,g3h,1,,Services,,211200.0,4000.0,,,False,True
967681,g3h,1,Prestation de renouvèlement des compteurs d’eau petits calibres -Préfecture Marrakech et Province EL HAOUZ.,Services,,1246344.0,24000.0,,,False,True
967681,g3h,2,Prestation de renouvèlement des compteurs d’eau petits calibres -Préfecture Marrakech et Province EL HAOUZ.,Services,,428940.0,8500.0,,,False,True
967682,g8e,1,,Services,,11496000.0,0.0,,,False,False
967683,g8e,1,,Services,,11496000.0,0.0,,,False,False
967684,g3h,1,,Travaux,,2398668.0,47000.0,,,False,False
967686,g3h,1,,Services,,960000.0,19000.0,,,False,False
967687,g3h,1,,Travaux,,5200000.0,75000.0,,,False,False
967688,g3h,1,,Travaux,,480000.0,9000.0,,,False,True
967689,g3h,1,,Travaux,,600000.0,12000.0,,,False,True
967691,g3h,1,,Travaux,,39697776.0,790000.0,,,False,False
967695,g3h,1,,Travaux,,8996400.0,179000.0,,,False,False
967696,g3h,1,,Travaux,,2529000.0,50000.0,,,False,False
967697,d4q,1,,Fournitures,,1200000.0,12000.0,,,False,False
967698,g3h,1,,Travaux,,838920.0,16000.0,,,False,True
967700,g3h,1,,Travaux,,14578192.0,290000.0,,,False,False
967707,g3h,1,,Travaux,,1248000.0,24000.0,,,False,True
967713,d4q,1,Fourniture PDR Hydraulique d’exploitation,Fournitures,,703908.0,0.0,,,False,True
967713,d4q,2,Fourniture PDR Hydraulique de Lutte contre l’incendie,Fournitures,,401040.0,0.0,,,False,True
967714,d4q,1,,Travaux,,453000.0,0.0,,,False,True
967716,g3h,1,Lot n°1 : Préfecture Agadir Ida-Outanane ;,Services,,39600.0,700.0,,,False,False
967716,g3h,2,Lot n°2 : Préfecture Inzegane Ait Melloul ;,Services,,40800.0,800.0,,,False,False
967716,g3h,3,Lot n°3 : Province Chtouka-Aït Baha ;,Services,,68640.0,1300.0,,,False,False
967716,g3h,4,Lot n°4 : Province Tiznit ;,Services,,61920.0,1200.0,,,False,False
967716,g3h,5,Lot n°5 : Province Taroudannt,Services,,85800.0,1700.0,,,False,False
967716,g3h,6,Lot n°6 : Province Tata.,Services,,31200.0,600.0,,,False,False
967718,g3h,1,Lot n°1 : Préfecture Agadir Ida-Outanane ;,Services,,405000.0,8000.0,,D14- Calcul de structures pour bâtiments à tous usages D15- Courant fort et courant faible pour bâtiments à tous usages D16- Réseaux des fluides pour bâtiments à tous usages D21- Sécurité contre l'incendie dans les constructions,False,False
967718,g3h,2,Lot n°2 : Préfecture Inezgane Ait Melloul ; Comporte des dispositions envrionnementales,Services,,382800.0,7500.0,,D14- Calcul de structures pour bâtiments à tous usages D15- Courant fort et courant faible pour bâtiments à tous usages D16- Réseaux des fluides pour bâtiments à tous usages D21- Sécurité contre l'incendie dans les constructions,False,False
967718,g3h,3,Lot n°3 : Province Chtouka-Aït Baha ; Comporte des dispositions envrionnementales,Services,,572400.0,11000.0,,D14- Calcul de structures pour bâtiments à tous usages D15- Courant fort et courant faible pour bâtiments à tous usages D16- Réseaux des fluides pour bâtiments à tous usages D21- Sécurité contre l'incendie dans les constructions,False,False
967718,g3h,4,Lot n°4 : Province Tiznit ; Comporte des dispositions envrionnementales,Services,,501600.0,10000.0,,D14- Calcul de structures pour bâtiments à tous usages D15- Courant fort et courant faible pour bâtiments à tous usages D16- Réseaux des fluides pour bâtiments à tous usages D21- Sécurité contre l'incendie dans les constructions,False,False
967718,g3h,5,Lot n°5 : Province Taroudannt ; Comporte des dispositions envrionnementales,Services,,568200.0,11000.0,,D14- Calcul de structures pour bâtiments à tous usages D15- Courant fort et courant faible pour bâtiments à tous usages D16- Réseaux des fluides pour bâtiments à tous usages D21- Sécurité contre l'incendie dans les constructions,False,False
967718,g3h,6,Lot n°6 : Province Tata. Comporte des dispositions envrionnementales,Services,,238800.0,4500.0,,D14- Calcul de structures pour bâtiments à tous usages D15- Courant fort et courant faible pour bâtiments à tous usages D16- Réseaux des fluides pour bâtiments à tous usages D21- Sécurité contre l'incendie dans les constructions,False,False
967719,g3h,1,Lot n°1 : Préfecture Agadir Ida-Outanane ; Comporte des dispositions envrionnementales,Services,,306360.0,3900.0,Laboratoires / ETUDES GEOTECHNIQUES / ETUDES GEOTECHNIQUES DES BATIMENTS COURANTS / Classe 3 Laboratoires / CONTROLE DE QUALITE / CONTROLE DES TRAVAUX DE BATIMENTS COURANTS / Classe 3 Laboratoires / CONTROLE DE QUALITE / CONTROLE DES TRAVAUX DES LOTS SECONDAIRES DES BATIMENTS / Classe 3,,False,False
967719,g3h,2,Lot n°2 : Préfecture Inezgane Ait Melloul ; Comporte des dispositions envrionnementales,Services,,294960.0,3900.0,Laboratoires / ETUDES GEOTECHNIQUES / ETUDES GEOTECHNIQUES DES BATIMENTS COURANTS / Classe 3 Laboratoires / CONTROLE DE QUALITE / CONTROLE DES TRAVAUX DES LOTS SECONDAIRES DES BATIMENTS / Classe 3 Laboratoires / CONTROLE DE QUALITE / CONTROLE DES TRAVAUX DE BATIMENTS COURANTS / Classe 3,,False,False
967719,g3h,3,Lot n°3 : Province Chtouka-Aït Baha ; Comporte des dispositions envrionnementales,Services,,439680.0,3900.0,Laboratoires / ETUDES GEOTECHNIQUES / ETUDES GEOTECHNIQUES DES BATIMENTS COURANTS / Classe 2 Laboratoires / CONTROLE DE QUALITE / CONTROLE DES TRAVAUX DE BATIMENTS COURANTS / Classe 2 Laboratoires / CONTROLE DE QUALITE / CONTROLE DES TRAVAUX DES LOTS SECONDAIRES DES BATIMENTS / Classe 2,,False,False
967719,g3h,4,Lot n°4 : Province Tiznit ; Comporte des dispositions envrionnementales,Services,,378120.0,3900.0,Laboratoires / ETUDES GEOTECHNIQUES / ETUDES GEOTECHNIQUES DES BATIMENTS COURANTS / Classe 3 Laboratoires / CONTROLE DE QUALITE / CONTROLE DES TRAVAUX DE BATIMENTS COURANTS / Classe 3 Laboratoires / CONTROLE DE QUALITE / CONTROLE DES TRAVAUX DES LOTS SECONDAIRES DES BATIMENTS / Classe 3,,False,False
967719,g3h,5,Lot n°5 : Province Taroudannt ; Comporte des dispositions envrionnementales,Services,,446520.0,3900.0,Laboratoires / CONTROLE DE QUALITE / CONTROLE DES TRAVAUX DES LOTS SECONDAIRES DES BATIMENTS / Classe 3 Laboratoires / CONTROLE DE QUALITE / CONTROLE DES TRAVAUX DE BATIMENTS COURANTS / Classe 3 Laboratoires / ETUDES GEOTECHNIQUES / ETUDES GEOTECHNIQUES DES BATIMENTS COURANTS / Classe 2,,False,False
967719,g3h,6,Lot n°6 : Province Tata. Comporte des dispositions envrionnementales,Services,,195000.0,3900.0,Laboratoires / ETUDES GEOTECHNIQUES / ETUDES GEOTECHNIQUES DES BATIMENTS COURANTS / Classe 2 Laboratoires / CONTROLE DE QUALITE / CONTROLE DES TRAVAUX DE BATIMENTS COURANTS / Classe 2 Laboratoires / CONTROLE DE QUALITE / CONTROLE DES TRAVAUX DES LOTS SECONDAIRES DES BATIMENTS / Classe 2,,False,False
967738,j0w,1,,Services,,50000.0,10000.0,,,False,True
967739,j0w,1,,Services,,1500.0,1000.0,,,False,True
967744,o8p,1,,Fournitures,,654472.2,13000.0,,,False,False
967748,p8x,1,"Les prestations de surveillance et de gardiennage des locaux de la Direction Provinciale de Chichaoua, ses annexes et les lycées qualifiants",Services,,3076819.2,52000.0,,,False,False
967748,p8x,2,"Les prestations de surveillance et de gardiennage des locaux des lycées collégiaux, situés aux cercles de Chichaoua et Mtouga, relevant de la Direction Provinciale de Chichaoua",Services,,2615296.32,44000.0,,,False,False
967748,p8x,3,"Les prestations de surveillance et de gardiennage des locaux des lycées collégiaux, situés aux cercles d'Imintanoute et Mejjat, relevant de la Direction Provinciale de Chichaoua",Services,,2461455.36,42000.0,,,False,False
967748,p8x,4,"Les prestations de surveillance et de gardiennage des locaux des établissements primaires, situés au cercle de Chichaoua, relevant de la Direction Provinciale de Chichaoua",Services,,2230693.92,38000.0,,,False,False
967749,o8p,1,,Fournitures,,481200.0,7000.0,,,False,False
967751,q1s,1,,Services,,150000.0,3000.0,,,False,True
967754,o8p,1,,Fournitures,,5206010.4,78000.0,,,False,False
967761,o8p,1,,Fournitures,,1825980.0,27000.0,,,False,False
967764,g3h,1,Fourniture de matériel et outillage pour exploitation électricité-ville de Marrakech.,Fournitures,,466538.0,9300.0,,,False,False
967764,g3h,2,Fourniture de matériel et outillage pour exploitation électricité-ville de Marrakech.,Fournitures,,451700.0,9000.0,,,False,False
967764,g3h,3,Fourniture de matériel et outillage pour exploitation électricité-ville de Marrakech.,Fournitures,,505650.0,10000.0,,,False,False
967771,d4q,1,,Travaux,,2100000.0,21000.0,,,False,False
967777,g3h,1,,Travaux,,1400000.0,28000.0,,,False,False
967784,d4q,1,,Travaux,,1000000.0,10000.0,,,False,False
967787,g3h,1,,Services,,1181700.0,23000.0,,,False,True
967788,g3h,1,,Services,,571461.6,11000.0,,,False,True
967790,q1s,1,,Travaux,,1860000.0,37000.0,,,False,True
967792,g3h,1,,Services,,356490.53,7000.0,,,False,True
967793,q1s,1,LOT 1 : Travaux de création des forages pour l’irrigation dans la province d’Errachidia.,Travaux,,4800600.0,95000.0,Agriculture / Puits et forages / 2.2.Travaux de creusement de forages / Classe 1,,False,False
967793,q1s,2,LOT 2 : Travaux de création des forages pour l’irrigation dans la province de Midelt.,Travaux,,6534000.0,130000.0,Agriculture / Puits et forages / 2.2.Travaux de creusement de forages / Classe 1,,False,False
967794,d4q,1,,Travaux,,360000.0,3600.0,,,False,False
967797,d4q,1,,Travaux,,11000000.0,110000.0,,,False,False
967798,q1s,1,,Services,,4452786.0,85000.0,,,False,False
967801,d4q,1,,Fournitures,,720000.0,7200.0,,,False,False
967803,x6c,1,,Travaux,,386400.0,5700.0,,,False,True
967804,g3h,1,Fusibles BT,Fournitures,FOURNITURE DE MATERIEL ELECTRICITE,1262364.0,20000.0,,,False,False
967804,g3h,2,Fusibles MT,Fournitures,FOURNITURE DE MATERIEL ELECTRICITE,174801.6,2800.0,,,False,False
967804,g3h,3,Connecteurs BT,Fournitures,FOURNITURE DE MATERIEL ELECTRICITE,4560.0,100.0,,,False,False
967804,g3h,4,Tableau BT,Fournitures,,369604.8,6000.0,,,False,False
967804,g3h,5,Fourreau thermo rétractable,Fournitures,,44520.0,700.0,,,False,False
967804,g3h,6,Coffret & Coffret à Coupitel,Fournitures,,11152327.2,178000.0,,,False,False
967804,g3h,7,Les Serrure,Fournitures,,87892.0,14000.0,,,False,False
967805,d4q,1,,Services,,1208400.0,20000.0,,D19- Etudes d'impact sur l'environnement,False,False
967808,d4q,1,,Travaux,,720000.0,7200.0,,,False,True
967819,p8x,1,"LES ETUDES TECHNIQUES ET LE SUIVI DES TRAVAUX D’AMENAGEMENT ET DE REHABILITATION DE SEP (07) ETABLISSEMENTS SCOLAIRES PIONNIERS AUX COMMUNES : AFELLA IGHIR, AIT OUAFQA, TASRIRT, TARSOUAT, IRIGH NTAHALA ET TARFAROUT - PROVINCE DE TIZNIT",Services,,198000.0,0.0,,D14- Calcul de structures pour bâtiments à tous usages D15- Courant fort et courant faible pour bâtiments à tous usages D16- Réseaux des fluides pour bâtiments à tous usages,False,False
967819,p8x,2,LES ETUDES TECHNIQUES ET LE SUIVI DES TRAVAUX D’AMENAGEMENT ET DE REHABILITATION DE SIX (06) ETABLISSEMENTS SCOLAIRES PIONNIERS AUX COMMUNES : ANEZI ET ARBAA AIT AHMED - PROVINCE DE TIZNIT.,Services,,124200.0,0.0,,D14- Calcul de structures pour bâtiments à tous usages D15- Courant fort et courant faible pour bâtiments à tous usages D16- Réseaux des fluides pour bâtiments à tous usages,False,False
967819,p8x,3,"LES ETUDES TECHNIQUES ET LE SUIVI DES TRAVAUX D’AMENAGEMENT ET DE REHABILITATION DE SIX (06) ETABLISSEMENTS SCOLAIRES PIONNIERS AUX COMMUNES : IDA OU GOUGMAR, SIDI AHMED OU MOUSSA ET TIZOUGHRANE - PROVINCE DE TIZNIT.",Services,,162000.0,0.0,,D14- Calcul de structures pour bâtiments à tous usages D15- Courant fort et courant faible pour bâtiments à tous usages D16- Réseaux des fluides pour bâtiments à tous usages,False,False
967819,p8x,4,LES ETUDES TECHNIQUES ET LE SUIVI DES TRAVAUX D’AMENAGEMENT ET DE REHABILITATION DE CINQ (05) ETABLISSEMENTS SCOLAIRES PIONNIERS AUX COMMUNES : ARBAA RASMOUKA ET EL MAADER EL KABIR - PROVINCE DE TIZNIT.,Services,,102000.0,0.0,,D14- Calcul de structures pour bâtiments à tous usages D15- Courant fort et courant faible pour bâtiments à tous usages D16- Réseaux des fluides pour bâtiments à tous usages,False,False
967819,p8x,5,LES ETUDES TECHNIQUES ET LE SUIVI DES TRAVAUX D’AMENAGEMENT ET DE REHABILITATION DE NEUF (09) ETABLISSEMENTS SCOLAIRES PIONNIERS AUX COMMUNES : BOUNAAMANE ET SIDI BOUABDELLI - PROVINCE DE TIZNIT.,Services,,186000.0,0.0,,D14- Calcul de structures pour bâtiments à tous usages D15- Courant fort et courant faible pour bâtiments à tous usages D16- Réseaux des fluides pour bâtiments à tous usages,False,False
967819,p8x,6,"LES ETUDES TECHNIQUES ET LE SUIVI DES TRAVAUX D’AMENAGEMENT ET DE REHABILITATION DE SEPT (07) ETABLISSEMENTS SCOLAIRES PIONNIERS AUX COMMUNES : ARBAA SAHEL, BOUNAAMANE ET TNINE AGLOU - PROVINCE DE TIZNIT.",Services,,144480.0,0.0,,D14- Calcul de structures pour bâtiments à tous usages D15- Courant fort et courant faible pour bâtiments à tous usages D16- Réseaux des fluides pour bâtiments à tous usages,False,False
967822,e5w,1,,Travaux,,909894.96,18000.0,,,False,True
967826,j0w,1,,Services,,5000.0,2500.0,,,False,False
967827,x6c,1,,Fournitures,,2556000.0,38000.0,,,False,False
967828,g3h,1,Lot n°1 : Préfecture Agadir Ida-Outanane ; Comporte des dispositions envrionnementales,Services,,118800.0,1500.0,,,False,False
967828,g3h,2,Lot n°2 : Préfecture Inezgane Ait Melloul ; Comporte des dispositions envrionnementales,Services,,122400.0,1500.0,,,False,False
967828,g3h,3,Lot n°3 : Province Chtouka-Aït Baha ; Comporte des dispositions envrionnementales,Services,,187200.0,1500.0,,,False,False
967828,g3h,4,Lot n°4 : Province Tiznit Comporte des dispositions envrionnementales,Services,,154800.0,1500.0,,,False,False
967828,g3h,5,Lot n°5 : Province Taroudannt ; Comporte des dispositions envrionnementales,Services,,198000.0,1500.0,,,False,False
967828,g3h,6,Lot n°6 : Province Tata. Comporte des dispositions envrionnementales,Services,,79800.0,1500.0,,,False,False
967829,e5w,1,,Travaux,,500563.32,10000.0,,,False,True
967831,q1s,1,,Services,,4501200.0,45000.0,,,False,False
967836,j0w,1,,Services,,1885312.0,37000.0,,,False,False
967840,p8x,1,"Etudes techniques et suivi des travaux d’extension de (06) six salles de classe au lycée collégial Nazik El Malaika à la commune d’Ech-chalalate ; Relevant de la direction provinciale de Mohammedia, AREF-CS.",Services,,30000.0,500.0,,D14- Calcul de structures pour bâtiments à tous usages D15- Courant fort et courant faible pour bâtiments à tous usages D16- Réseaux des fluides pour bâtiments à tous usages,False,True
967840,p8x,2,"Etudes techniques et suivi des travaux d’extension de (03) trois salles de classe au lycée qualifiant Abou Baker Essadik à la commune d’Ech-chalalate ; Relevant de la direction provinciale de Mohammedia, AREF-CS.",Services,,15000.0,250.0,,D14- Calcul de structures pour bâtiments à tous usages D15- Courant fort et courant faible pour bâtiments à tous usages D16- Réseaux des fluides pour bâtiments à tous usages,False,True
967840,p8x,3,"Etudes techniques et suivi des travaux de contruction de 27 salles de classes de préscolaire à quatorze (14) établissements primaires répartis comme suit : (03) Trois salles de classes de préscolaire à l’école Bairouni, (01) une salles de classes de préscolaire à l’école My Abdellah filles, à la Commune de MOHAMMEDIA , (02) deux salles de classes de préscolaire à l’école Brahma, (03) Trois salles de classes de préscolaire à l’école Ouarkou 01, (02) deux salles de classes de préscolaire à l’école Ouarkou Errmel, (02) deux salles de classes de préscolaire à l’école Ibn Naffis, (02) deux salles de classes de préscolaire à l’école Mohammed Ibn Abdellah, (01) une salles de classes de préscolaire à l’école Ech-chalal à la Commune d’ECH-CHALALATE, (03) Trois salles de classes de préscolaire à l’école Idriss Lahrizi, (02) deux salles de classes de préscolaire à l’école Lalla Aicha, (01) une salles de classes de préscolaire à l’école Echarif El Idrissi, (02) deux salles de classes de préscolair",Services,,96000.0,1900.0,,,False,True
967842,d4q,1,,Travaux,,3499800.0,35000.0,,,False,False
967844,d4q,1,,Services,,1500000.0,15000.0,,,False,False
967851,d4q,1,,Travaux,,1080000.0,10800.0,,,False,True
967856,g3h,1,,Travaux,,770326.8,13000.0,,,False,False
967863,d4q,1,,Services,,238000.0,3000.0,,,False,False
967867,g3h,1,,Travaux,,1909090.5,30000.0,,,False,False
967872,x6c,1,,Fournitures,,912000.0,13600.0,,,False,False
967873,d4q,1,,Travaux,,2300000.0,23000.0,,,False,False
967877,d4q,1,,Travaux,,2500000.0,25000.0,,,False,False
967882,j8k,1,,Services,,214200.0,4000.0,,,False,False
967896,d4q,1,,Fournitures,,480000.0,4800.0,,,False,False
967908,j8k,1,,Travaux,,1819128.0,27000.0,Habitat / 2 Travaux De Voirie / 2.1 Assises non traitées et enduits superficiels. / Classe 4,,False,False
967910,d4q,1,,Travaux,,435600.0,4400.0,,,False,False
967919,d4q,1,,Travaux,,2000000.0,20000.0,,,False,False
967921,g3h,1,,Travaux,,2150389.2,35000.0,,,False,False
967937,z9k,1,,Travaux,,843066.0,15000.0,Equipement / B- Travaux routiers et voirie urbaine / B.11- Travaux de dallage et bétonnage de la voirie urbaine / Classe 5,,False,False
967949,i1t,1,,Services,,300000.0,10000.0,,,False,False
967962,j8k,1,,Services,,1699200.0,25000.0,,,False,False
967965,h5r,1,,Services,,283800.0,10000.0,,,False,False
967972,q1s,1,,Services,,10836384.0,200000.0,,,False,False
967973,j8k,1,,Services,,1440000.0,20000.0,,D7. Travaux maritimes et fluviaux,False,True
967978,o8p,1,,Services,,11165609.38,160000.0,,,False,False
967979,a1z,1,,Services,,11560000.0,1156000.0,,,False,False
967982,p1v,1,,Services,,70000.0,0.0,,,False,True
967985,j8k,1,,Services,,960000.0,14000.0,,,False,False
967986,a1z,1,,Services,,36400000.0,3640000.0,,,False,False
967987,p8x,1,"Etudes géotechniques, suivi et contrôle de la qualité des matériaux des travaux d’extension de (06) six salles de classe au lycée collégial Nazik El Malaika à la commune d’Ech-chalalate ; Relevant de la direction provinciale de Mohammedia, AREF-CS.",Services,,25200.0,500.0,Laboratoires / ETUDES GEOTECHNIQUES / ETUDES GEOTECHNIQUES DES BATIMENTS COURANTS / Classe 4 Laboratoires / CONTROLE DE QUALITE / CONTROLE DES TRAVAUX DE BATIMENTS COURANTS / Classe 4,,False,True
967987,p8x,2,"Etudes géotechniques, suivi et contrôle de la qualité des matériaux des travaux d’extension de (03) trois salles de classe au lycée qualifiant Abou Baker Essadik à la commune d’Ech-chalalate ; Relevant de la direction provinciale de Mohammedia, AREF-CS.",Services,,12000.0,200.0,Laboratoires / ETUDES GEOTECHNIQUES / ETUDES GEOTECHNIQUES DES BATIMENTS COURANTS / Classe 4 Laboratoires / CONTROLE DE QUALITE / CONTROLE DES TRAVAUX DE BATIMENTS COURANTS / Classe 4,,False,True
967987,p8x,3,"Etudes géotechniques, suivi et contrôle de la qualité des matériaux des travaux de contruction de 27 salles de classes de préscolaire à quatorze (14) établissements primaires répartis comme suit : (03) Trois salles de classes de préscolaire à l’école Bairouni, (01) une salles de classes de préscolaire à l’école My Abdellah filles, à la Commune de MOHAMMEDIA , (02) deux salles de classes de préscolaire à l’école Brahma, (03) Trois salles de classes de préscolaire à l’école Ouarkou 01, (02) deux salles de classes de préscolaire à l’école Ouarkou Errmel, (02) deux salles de classes de préscolaire à l’école Ibn Naffis, (02) deux salles de classes de préscolaire à l’école Mohammed Ibn Abdellah, (01) une salles de classes de préscolaire à l’école Ech-chalal à la Commune d’ECH-CHALALATE, (03) Trois salles de classes de préscolaire à l’école Idriss Lahrizi, (02) deux salles de classes de préscolaire à l’école Lalla Aicha, (01) une salles de classes de préscolaire à l’école Echarif El Idrissi,",Services,,76800.0,1500.0,Laboratoires / ETUDES GEOTECHNIQUES / ETUDES GEOTECHNIQUES DES BATIMENTS COURANTS / Classe 4 Laboratoires / CONTROLE DE QUALITE / CONTROLE DES TRAVAUX DE BATIMENTS COURANTS / Classe 4,,False,True
967988,p1v,1,,Services,,10000.0,5250.0,,,False,True
967992,d4q,1,,Services,,1080000.0,20000.0,,"D3. Hydraulique urbaine D20- Géologie, géophysique, hydrologie, hydrogéologie",False,False
967993,q1s,1,,Services,,144000.0,2000.0,,,False,True
968000,d4q,1,,Travaux,,300000.0,3000.0,,,False,False
968003,g8e,1,Acquisition et installation de matériel informatique,Fournitures,,565800.0,10000.0,,,False,False
968003,g8e,2,Acquisition et installation d’une plateforme hyperconvergé.,Fournitures,,1764000.0,30000.0,,,False,False
968006,d4q,1,,Services,,99960.0,3000.0,,,False,True
968015,d4q,1,,Travaux,,864000.0,8700.0,,,False,False
968019,g8e,1,,Fournitures,,751200.0,10000.0,,,False,False
968022,d4q,1,,Services,,907200.0,18000.0,,,False,False
968033,d4q,1,,Services,,300000.0,3000.0,,,False,True
968051,f4g,1,,Travaux,,10094220.0,100000.0,,,False,False
968056,g3h,1,,Services,,1380000.0,13800.0,,,False,True
968064,f8y,1,,Travaux,,275000.0,5000.0,,,False,False
968082,d2q,1,,Services,,69120.0,1000.0,,,False,True
968086,d2q,1,,Services,,100000.0,2000.0,,,False,True
968094,f9f,1,,Travaux,,2613601.2,48000.0,,,False,False
968098,g3h,1,,Services,,240000.0,3500.0,,,False,False
968110,d4q,1,,Fournitures,,372000.0,7300.0,,,False,False
